2020-01-02,0.00000000,1.00000000,0.00000000
2020-01-03,0.00000000,1.00000000,0.00000000
2020-01-06,0.00000000,1.00000000,0.00000000
2020-01-07,0.00000000,1.00000000,0.00000000
2020-01-08,0.00000000,1.00000000,0.00000000
2020-01-09,0.00000000,1.00000000,0.00000000
2020-01-10,0.00000000,1.00000000,0.00000000
2020-01-13,0.00000000,1.00000000,0.00000000
2020-01-14,0.00000000,1.00000000,0.00000000
2020-01-15,0.00000000,1.00000000,0.00000000
2020-01-16,0.00000000,1.00000000,0.00000000
2020-01-17,0.00000000,1.00000000,0.00000000
2020-01-21,0.00000000,1.00000000,0.00000000
2020-01-22,0.00000000,1.00000000,0.00000000
2020-01-23,0.00000000,1.00000000,0.00000000
2020-01-24,-0.00051827,0.99948173,-0.00051827
2020-01-27,0.00197124,1.00145195,0.00000000
2020-01-28,-0.00440597,0.99703958,-0.00440597
2020-01-29,-0.00015544,0.99688459,-0.00456073
2020-01-30,-0.00738120,0.98952639,-0.01190827
2020-01-31,-0.00281203,0.98674382,-0.01468681
2020-02-03,0.00609548,0.99275849,-0.00868085
2020-02-04,-0.00305198,0.98972861,-0.01170634
2020-02-05,-0.00109305,0.98864679,-0.01278660
2020-02-06,-0.00450059,0.98419729,-0.01722964
2020-02-07,-0.00214860,0.98208265,-0.01934122
2020-02-10,-0.00226215,0.97986103,-0.02155962
2020-02-11,0.00071497,0.98056160,-0.02086006
2020-02-12,-0.00100086,0.97958019,-0.02184004
2020-02-13,-0.00092167,0.97867734,-0.02274159
2020-02-14,0.00356985,0.98217107,-0.01925292
2020-02-18,-0.00433736,0.97791104,-0.02350677
2020-02-19,0.00428054,0.98209703,-0.01932686
2020-02-20,0.00189628,0.98395936,-0.01746722
2020-02-21,-0.01004434,0.97407614,-0.02733612
2020-02-24,-0.00030789,0.97377624,-0.02763559
2020-02-25,0.00813997,0.98170274,-0.01972057
2020-02-26,-0.00226483,0.97947936,-0.02194073
2020-02-27,0.00587712,0.98523587,-0.01619256
2020-02-28,0.00875305,0.99385969,-0.00758125
2020-03-02,0.00319052,0.99703062,-0.00441491
2020-03-03,0.00647251,1.00348392,0.00000000
2020-03-04,-0.00575659,0.99770727,-0.00575659
2020-03-05,-0.00120911,0.99650093,-0.00695874
2020-03-06,-0.01568888,0.98086695,-0.02253845
2020-03-09,0.00508235,0.98585206,-0.01757064
2020-03-10,0.01214209,0.99782237,-0.00564189
2020-03-11,0.00445236,1.00226503,-0.00121465
2020-03-12,0.01875273,1.02106023,0.00000000
2020-03-13,0.02438725,1.04596108,0.00000000
2020-03-16,0.01851154,1.06532343,0.00000000
2020-03-17,-0.03461413,1.02844819,-0.03461413
2020-03-18,0.00133705,1.02982328,-0.03332336
2020-03-19,0.00447997,1.03443686,-0.02899268
2020-03-20,-0.00859285,1.02554810,-0.03733639
2020-03-23,-0.00687260,1.01849992,-0.04395240
2020-03-24,0.01924076,1.03809663,-0.02555731
2020-03-25,0.01230034,1.05086558,-0.01357133
2020-03-26,0.01900509,1.07083737,0.00000000
2020-03-27,0.01305131,1.08481320,0.00000000
2020-03-30,0.00723182,1.09265837,0.00000000
2020-03-31,0.01133463,1.10504325,0.00000000
2020-04-01,0.01430982,1.12085621,0.00000000
2020-04-02,0.00319223,1.12443424,0.00000000
2020-04-03,0.00120018,1.12578377,0.00000000
2020-04-06,0.01128918,1.13849294,0.00000000
2020-04-07,-0.00520933,1.13256216,-0.00520933
2020-04-08,0.00718641,1.14070122,0.00000000
2020-04-09,0.00713031,1.14883477,0.00000000
2020-04-13,-0.00528107,1.14276769,-0.00528107
2020-04-14,-0.00377524,1.13845347,-0.00903638
2020-04-15,-0.00281939,1.13524372,-0.01183029
2020-04-16,0.00428403,1.14010714,-0.00759694
2020-04-17,-0.00928154,1.12952519,-0.01680797
2020-04-20,0.00266373,1.13253395,-0.01418900
2020-04-21,0.01185075,1.14595533,-0.00250640
2020-04-22,-0.00080462,1.14503327,-0.00330900
2020-04-23,-0.00731055,1.13666245,-0.01059536
2020-04-24,-0.00499728,1.13098223,-0.01553969
2020-04-27,-0.00588054,1.12433144,-0.02132885
2020-04-28,-0.00786598,1.11548748,-0.02902705
2020-04-29,0.01590017,1.13322392,-0.01358842
2020-04-30,0.00016267,1.13340827,-0.01342795
2020-05-01,0.00151487,1.13512524,-0.01193342
2020-05-04,0.00243748,1.13789209,-0.00952503
2020-05-05,0.00276903,1.14104294,-0.00678238
2020-05-06,0.00367009,1.14523067,-0.00313718
2020-05-07,-0.00054443,1.14460717,-0.00367990
2020-05-08,-0.00705829,1.13652820,-0.01071222
2020-05-11,-0.00743722,1.12807559,-0.01806977
2020-05-12,-0.00797526,1.11907889,-0.02590092
2020-05-13,0.01316125,1.13380738,-0.01308055
2020-05-14,0.00719663,1.14196697,-0.00597806
2020-05-15,0.02549768,1.17108448,0.00000000
2020-05-18,-0.00077799,1.17017338,-0.00077799
2020-05-19,-0.00891225,1.15974451,-0.00968330
2020-05-20,0.00363036,1.16395480,-0.00608810
2020-05-21,-0.00182805,1.16182703,-0.00790502
2020-05-22,-0.00236331,1.15908127,-0.01024965
2020-05-26,-0.01055426,1.14684802,-0.02069574
2020-05-27,-0.00131215,1.14534319,-0.02198073
2020-05-28,0.01245482,1.15960822,-0.00979968
2020-05-29,0.01478393,1.17675180,0.00000000
2020-06-01,-0.00362231,1.17248924,-0.00362231
2020-06-02,0.01487454,1.18992948,0.00000000
2020-06-03,-0.00096365,1.18878280,-0.00096365
2020-06-04,0.00988843,1.20053799,0.00000000
2020-06-05,0.00262821,1.20369325,0.00000000
2020-06-08,0.00513096,1.20986936,0.00000000
2020-06-09,0.01812952,1.23180370,0.00000000
2020-06-10,0.00025337,1.23211581,0.00000000
2020-06-11,0.00410909,1.23717869,0.00000000
2020-06-12,0.00068318,1.23802391,0.00000000
2020-06-15,0.00730702,1.24707017,0.00000000
2020-06-16,0.00057042,1.24778151,0.00000000
2020-06-17,-0.00379362,1.24304791,-0.00379362
2020-06-18,-0.00354465,1.23864174,-0.00732482
2020-06-19,0.00137095,1.24033986,-0.00596391
2020-06-22,0.00097963,1.24155493,-0.00499013
2020-06-23,-0.00571019,1.23446541,-0.01067182
2020-06-24,0.00117735,1.23591881,-0.00950703
2020-06-25,0.00203543,1.23843444,-0.00749095
2020-06-26,0.00102692,1.23970621,-0.00647173
2020-06-29,0.00336054,1.24387229,-0.00313294
2020-06-30,0.00796456,1.25377919,0.00000000
2020-07-01,-0.00146676,1.25194019,-0.00146676
2020-07-02,0.00711414,1.26084667,0.00000000
2020-07-06,-0.00726791,1.25168295,-0.00726791
2020-07-07,0.00018758,1.25191773,-0.00708170
2020-07-08,-0.00313101,1.24799797,-0.01019053
2020-07-09,-0.00286650,1.24442059,-0.01302782
2020-07-10,0.00202549,1.24694115,-0.01102871
2020-07-13,0.00519379,1.25341751,-0.00589220
2020-07-14,-0.00726779,1.24430793,-0.01311717
2020-07-15,-0.00285895,1.24075051,-0.01593862
2020-07-16,0.00092224,1.24189478,-0.01503108
2020-07-17,0.01544091,1.26107076,0.00000000
2020-07-20,-0.00963044,1.24892610,-0.00963044
2020-07-21,-0.00381420,1.24416245,-0.01340791
2020-07-22,-0.00508924,1.23783060,-0.01842892
2020-07-23,-0.00656354,1.22970605,-0.02487149
2020-07-24,0.01403568,1.24696582,-0.01118490
2020-07-27,-0.00378710,1.24224343,-0.01492964
2020-07-28,-0.01425324,1.22453744,-0.02897008
2020-07-29,0.00103414,1.22580379,-0.02796590
2020-07-30,0.00284468,1.22929081,-0.02520077
2020-07-31,-0.00276177,1.22589579,-0.02789294
2020-08-03,-0.00252558,1.22279969,-0.03034808
2020-08-04,-0.00310921,1.21899775,-0.03336293
2020-08-05,0.00201109,1.22144926,-0.03141894
2020-08-06,0.00722862,1.23027865,-0.02441744
2020-08-07,-0.00809874,1.22031494,-0.03231843
2020-08-10,-0.00855693,1.20987279,-0.04059881
2020-08-11,0.01002968,1.22200743,-0.03097632
2020-08-12,0.00268219,1.22528508,-0.02837722
2020-08-13,-0.00163221,1.22328516,-0.02996311
2020-08-14,0.00520414,1.22965130,-0.02491491
2020-08-17,0.00099244,1.23087166,-0.02394720
2020-08-18,0.00424604,1.23609799,-0.01980283
2020-08-19,-0.00346715,1.23181225,-0.02320132
2020-08-20,0.00325013,1.23581580,-0.02002661
2020-08-21,0.00667497,1.24406483,-0.01348531
2020-08-24,-0.00312461,1.24017762,-0.01656778
2020-08-25,-0.00921735,1.22874647,-0.02563242
2020-08-26,0.00867065,1.23940050,-0.01718402
2020-08-27,0.00399122,1.24434722,-0.01326138
2020-08-28,-0.00115583,1.24290898,-0.01440188
2020-08-31,0.01259126,1.25855876,-0.00199196
2020-09-01,0.00061554,1.25933346,-0.00137765
2020-09-02,0.00131834,1.26099369,-0.00006112
2020-09-03,-0.00832898,1.25049089,-0.00838959
2020-09-04,-0.00910556,1.23910447,-0.01741877
2020-09-08,0.00300831,1.24283208,-0.01446286
2020-09-09,-0.00246758,1.23976530,-0.01689474
2020-09-10,0.00122111,1.24127919,-0.01569427
2020-09-11,0.00111522,1.24266349,-0.01459654
2020-09-14,-0.00475699,1.23675216,-0.01928409
2020-09-15,0.00055033,1.23743278,-0.01874437
2020-09-16,0.00417231,1.24259574,-0.01465027
2020-09-17,-0.00140069,1.24085525,-0.01603044
2020-09-18,0.00663991,1.24909441,-0.00949697
2020-09-21,-0.00056505,1.24838861,-0.01005665
2020-09-22,-0.00772397,1.23874610,-0.01770294
2020-09-23,0.00317237,1.24267586,-0.01458674
2020-09-24,-0.00636724,1.23476344,-0.02086110
2020-09-25,0.00242060,1.23775231,-0.01849100
2020-09-28,0.00338408,1.24194096,-0.01516949
2020-09-29,0.00379404,1.24665294,-0.01143301
2020-09-30,-0.00487755,1.24057232,-0.01625479
2020-10-01,0.01309497,1.25681758,-0.00337268
2020-10-02,0.00436729,1.26230646,0.00000000
2020-10-05,0.00116766,1.26378040,0.00000000
2020-10-06,0.00034466,1.26421598,0.00000000
2020-10-07,0.01094861,1.27805739,0.00000000
2020-10-08,0.00431162,1.28356789,0.00000000
2020-10-09,-0.00116843,1.28206813,-0.00116843
2020-10-12,-0.00215787,1.27930159,-0.00332378
2020-10-13,0.00068531,1.28017831,-0.00264075
2020-10-14,-0.00442417,1.27451458,-0.00705324
2020-10-15,-0.00172504,1.27231600,-0.00876611
2020-10-16,0.00005399,1.27238469,-0.00871259
2020-10-19,-0.00490043,1.26614946,-0.01357032
2020-10-20,-0.00175144,1.26393188,-0.01529799
2020-10-21,-0.02818734,1.22830501,-0.04305412
2020-10-22,-0.00036554,1.22785602,-0.04340391
2020-10-23,0.00090378,1.22896573,-0.04253936
2020-10-26,0.00378700,1.23361982,-0.03891346
2020-10-27,0.00078950,1.23459377,-0.03815468
2020-10-28,0.00286545,1.23813144,-0.03539856
2020-10-29,-0.00505048,1.23187828,-0.04027026
2020-10-30,-0.00842220,1.22150316,-0.04835330
2020-11-02,0.00137210,1.22317918,-0.04704754
2020-11-03,-0.00120012,1.22171122,-0.04819119
2020-11-04,0.00477800,1.22754856,-0.04364345
2020-11-05,-0.00622664,1.21990505,-0.04959834
2020-11-06,0.02733106,1.25324635,-0.02362286
2020-11-09,0.01485791,1.27186697,-0.00911594
2020-11-10,0.01669562,1.29310158,0.00000000
2020-11-11,-0.00174233,1.29084857,-0.00174233
2020-11-12,-0.00686440,1.28198767,-0.00859477
2020-11-13,-0.00122843,1.28041283,-0.00981265
2020-11-16,-0.00072925,1.27947909,-0.01053474
2020-11-17,0.00069516,1.28036854,-0.00984690
2020-11-18,0.00311707,1.28435953,-0.00676053
2020-11-19,0.00466980,1.29035724,-0.00212230
2020-11-20,-0.00154036,1.28836962,-0.00365939
2020-11-23,-0.00581020,1.28088393,-0.00944833
2020-11-24,-0.00466743,1.27490550,-0.01407166
2020-11-25,0.00012907,1.27507005,-0.01394440
2020-11-27,-0.00340077,1.27073383,-0.01729775
2020-11-30,0.00088693,1.27186088,-0.01642617
2020-12-01,0.00219541,1.27465313,-0.01426682
2020-12-02,-0.00267446,1.27124413,-0.01690312
2020-12-03,-0.00042423,1.27070483,-0.01732018
2020-12-04,-0.00111635,1.26928629,-0.01841719
2020-12-07,0.00474625,1.27531064,-0.01375835
2020-12-08,0.00036890,1.27578110,-0.01339453
2020-12-09,0.00142672,1.27760128,-0.01198692
2020-12-10,-0.00077829,1.27660693,-0.01275588
2020-12-11,0.00249923,1.27979747,-0.01028853
2020-12-14,-0.00265927,1.27639415,-0.01292044
2020-12-15,0.00870910,1.28751039,-0.00432387
2020-12-16,0.00541641,1.29448407,0.00000000
2020-12-17,-0.00552509,1.28733194,-0.00552509
2020-12-18,0.00326211,1.29153136,-0.00228100
2020-12-21,-0.00053998,1.29083395,-0.00281975
2020-12-22,0.00533640,1.29772236,0.00000000
2020-12-23,0.00131399,1.29942755,0.00000000
2020-12-24,0.00356480,1.30405976,0.00000000
2020-12-28,0.00358678,1.30873713,0.00000000
2020-12-29,0.00040293,1.30926446,0.00000000
2020-12-30,0.00139119,1.31108591,0.00000000
2020-12-31,-0.00278540,1.30743401,-0.00278540
2021-01-04,-0.00379328,1.30247454,-0.00656811
2021-01-05,-0.02222625,1.27352542,-0.02864838
2021-01-06,0.00575913,1.28085981,-0.02305424
2021-01-07,-0.00159388,1.27881827,-0.02461138
2021-01-08,-0.00209428,1.27614006,-0.02665412
2021-01-11,0.00225544,1.27901831,-0.02445880
2021-01-12,-0.00002932,1.27898081,-0.02448740
2021-01-13,-0.00819024,1.26850566,-0.03247708
2021-01-14,-0.00485026,1.26235307,-0.03716983
2021-01-15,-0.00877554,1.25127524,-0.04561918
2021-01-19,-0.00175133,1.24908385,-0.04729062
2021-01-20,-0.00416999,1.24387517,-0.05126341
2021-01-21,-0.00973682,1.23176379,-0.06050109
2021-01-22,-0.00596732,1.22441346,-0.06610738
2021-01-25,-0.00836242,1.21417439,-0.07391698
2021-01-26,-0.01744416,1.19299414,-0.09007172
2021-01-27,0.02266459,1.22003287,-0.06944857
2021-01-28,-0.00642046,1.21219969,-0.07542314
2021-01-29,0.00411433,1.21718708,-0.07161912
2021-02-01,-0.00072442,1.21630533,-0.07229166
2021-02-02,0.00141138,1.21802200,-0.07098231
2021-02-03,-0.00958433,1.20634809,-0.07988631
2021-02-04,-0.00438345,1.20106012,-0.08391959
2021-02-05,0.00263385,1.20422353,-0.08150677
2021-02-08,-0.00164647,1.20224081,-0.08301904
2021-02-09,0.00188472,1.20450670,-0.08129079
2021-02-10,-0.00535267,1.19805938,-0.08620833
2021-02-11,-0.00013752,1.19789462,-0.08633400
2021-02-12,-0.00012354,1.19774663,-0.08644687
2021-02-16,0.00855916,1.20799834,-0.07862762
2021-02-17,0.00245132,1.21095952,-0.07636905
2021-02-18,-0.00004549,1.21090443,-0.07641107
2021-02-19,-0.01018807,1.19856765,-0.08582066
2021-02-22,-0.00791714,1.18907842,-0.09305834
2021-02-23,0.00394229,1.19376611,-0.08948292
2021-02-24,-0.00600873,1.18659309,-0.09495397
2021-02-25,0.01759000,1.20746527,-0.07903421
2021-02-26,0.00204294,1.20993205,-0.07715273
2021-03-01,-0.00689347,1.20159142,-0.08351435
2021-03-02,-0.01482495,1.18377789,-0.09710120
2021-03-03,-0.00488643,1.17799345,-0.10151315
2021-03-04,0.00290706,1.18141795,-0.09890119
2021-03-05,-0.01713500,1.16117435,-0.11434152
2021-03-08,0.00972160,1.17246283,-0.10573150
2021-03-09,0.00183602,1.17461550,-0.10408960
2021-03-10,0.01040372,1.18683587,-0.09476880
2021-03-11,0.00231000,1.18957746,-0.09267771
2021-03-12,-0.00357375,1.18532620,-0.09592026
2021-03-15,0.00178538,1.18744246,-0.09430614
2021-03-16,0.00263843,1.19057543,-0.09191653
2021-03-17,0.00573437,1.19740264,-0.08670924
2021-03-18,0.00245668,1.20034427,-0.08446558
2021-03-19,0.00013943,1.20051164,-0.08433793
2021-03-22,-0.00530570,1.19414209,-0.08919615
2021-03-23,0.00781817,1.20347810,-0.08207533
2021-03-24,0.00444396,1.20882630,-0.07799611
2021-03-25,-0.00145588,1.20706640,-0.07933844
2021-03-26,-0.00072823,1.20618738,-0.08000889
2021-03-29,-0.00032299,1.20579779,-0.08030604
2021-03-30,0.00822268,1.21571268,-0.07274369
2021-03-31,-0.00101353,1.21448052,-0.07368349
2021-04-01,-0.00264040,1.21127381,-0.07612933
2021-04-05,0.00001034,1.21128633,-0.07611978
2021-04-06,0.00472804,1.21701335,-0.07175164
2021-04-07,-0.01136864,1.20317756,-0.08230456
2021-04-08,-0.00473763,1.19747735,-0.08665226
2021-04-09,-0.00263808,1.19431831,-0.08906174
2021-04-12,0.00157455,1.19619882,-0.08762743
2021-04-13,0.00183957,1.19839931,-0.08594906
2021-04-14,-0.00201150,1.19598873,-0.08778767
2021-04-15,-0.00198566,1.19361390,-0.08959901
2021-04-16,-0.00746921,1.18469854,-0.09639899
2021-04-19,-0.00379674,1.18020055,-0.09982973
2021-04-20,0.00734077,1.18886413,-0.09322179
2021-04-21,0.00383936,1.19342861,-0.08974034
2021-04-22,0.00145871,1.19516947,-0.08841254
2021-04-23,-0.00607809,1.18790513,-0.09395325
2021-04-26,0.00596918,1.19499594,-0.08854489
2021-04-27,-0.00387130,1.19036976,-0.09207340
2021-04-28,0.00011063,1.19050145,-0.09197296
2021-04-29,0.00400959,1.19527488,-0.08833214
2021-04-30,-0.00006982,1.19519142,-0.08839580
2021-05-03,-0.00994381,1.18330666,-0.09746062
2021-05-04,-0.00266348,1.18015495,-0.09986452
2021-05-05,-0.00107060,1.17889148,-0.10082820
2021-05-06,0.00618209,1.18617949,-0.09526943
2021-05-07,-0.00463263,1.18068436,-0.09946072
2021-05-10,0.00608250,1.18786588,-0.09398318
2021-05-11,-0.00506878,1.18184484,-0.09857559
2021-05-12,-0.00379600,1.17735856,-0.10199740
2021-05-13,0.00412993,1.18222096,-0.09828871
2021-05-14,-0.00168737,1.18022612,-0.09981023
2021-05-17,0.00224177,1.18287191,-0.09779221
2021-05-18,-0.00048797,1.18229470,-0.09823247
2021-05-19,-0.00451078,1.17696164,-0.10230014
2021-05-20,-0.00022203,1.17670032,-0.10249945
2021-05-21,-0.00745134,1.16793233,-0.10918703
2021-05-24,-0.00349178,1.16385416,-0.11229756
2021-05-25,-0.00119589,1.16246232,-0.11335915
2021-05-26,0.00253793,1.16541256,-0.11110892
2021-05-27,0.00318814,1.16912806,-0.10827501
2021-05-28,-0.00186453,1.16694818,-0.10993766
2021-06-01,-0.00712971,1.15862818,-0.11628355
2021-06-02,0.00671052,1.16640318,-0.11035335
2021-06-03,0.00450499,1.17165781,-0.10634550
2021-06-04,0.00490216,1.17740147,-0.10196467
2021-06-07,0.00074469,1.17827827,-0.10129591
2021-06-08,0.00066708,1.17906427,-0.10069640
2021-06-09,0.00574928,1.18584304,-0.09552606
2021-06-10,0.00069284,1.18666464,-0.09489940
2021-06-11,-0.00229350,1.18394303,-0.09697525
2021-06-14,0.00320378,1.18773612,-0.09408215
2021-06-15,-0.00220571,1.18511632,-0.09608034
2021-06-16,-0.01089320,1.17220662,-0.10592692
2021-06-17,-0.00649789,1.16458974,-0.11173651
2021-06-18,0.00228802,1.16725435,-0.10970415
2021-06-21,-0.00120433,1.16584859,-0.11077636
2021-06-22,0.00402153,1.17053708,-0.10720032
2021-06-23,0.00281601,1.17383332,-0.10468618
2021-06-24,-0.00487621,1.16810947,-0.10905192
2021-06-25,0.00316754,1.17180950,-0.10622981
2021-06-28,-0.00510864,1.16582315,-0.11079576
2021-06-29,-0.00320068,1.16209172,-0.11364182
2021-06-30,-0.00467407,1.15666002,-0.11778472
2021-07-01,0.00109400,1.15792540,-0.11681958
2021-07-02,-0.00115331,1.15658995,-0.11783816
2021-07-06,-0.00335523,1.15270932,-0.12079802
2021-07-07,0.00477863,1.15821770,-0.11659664
2021-07-08,0.00561694,1.16472334,-0.11163461
2021-07-09,-0.00295297,1.16128395,-0.11425793
2021-07-12,0.00426917,1.16624166,-0.11047655
2021-07-13,-0.00072936,1.16539105,-0.11112533
2021-07-14,-0.00376029,1.16100885,-0.11446775
2021-07-15,0.00016777,1.16120363,-0.11431918
2021-07-16,-0.00146532,1.15950210,-0.11561699
2021-07-19,0.01115962,1.17244170,-0.10574761
2021-07-20,0.00363756,1.17670653,-0.10249471
2021-07-21,-0.00029479,1.17635965,-0.10275929
2021-07-22,0.00223532,1.17898919,-0.10075367
2021-07-23,-0.00029709,1.17863892,-0.10102083
2021-07-26,0.00657906,1.18639327,-0.09510638
2021-07-27,-0.00482407,1.18067002,-0.09947165
2021-07-28,0.00730822,1.18929862,-0.09289039
2021-07-29,-0.00237220,1.18647736,-0.09504224
2021-07-30,-0.00232671,1.18371677,-0.09714782
2021-08-02,-0.00093354,1.18261172,-0.09799067
2021-08-03,-0.00625347,1.17521629,-0.10363136
2021-08-04,0.00557377,1.18176667,-0.09863521
2021-08-05,0.00378811,1.18624334,-0.09522074
2021-08-06,-0.00396878,1.18153540,-0.09881161
2021-08-09,-0.00248671,1.17859726,-0.10105260
2021-08-10,0.00077091,1.17950586,-0.10035959
2021-08-11,0.00287843,1.18290098,-0.09777004
2021-08-12,0.00235937,1.18569188,-0.09564135
2021-08-13,-0.00048626,1.18511533,-0.09608110
2021-08-16,-0.00024395,1.18482622,-0.09630161
2021-08-17,0.00121995,1.18627165,-0.09519914
2021-08-18,-0.00597236,1.17918681,-0.10060294
2021-08-19,-0.00190147,1.17694462,-0.10231312
2021-08-20,0.00729959,1.18553583,-0.09576037
2021-08-23,-0.00221904,1.18290508,-0.09776692
2021-08-24,0.00325189,1.18675176,-0.09483295
2021-08-25,0.01013869,1.19878387,-0.08565574
2021-08-26,-0.00042769,1.19827116,-0.08604680
2021-08-27,0.00297579,1.20183696,-0.08332707
2021-08-30,0.00467490,1.20745543,-0.07904171
2021-08-31,0.00070268,1.20830389,-0.07839457
2021-09-01,-0.00301764,1.20465766,-0.08117564
2021-09-02,0.00117853,1.20607739,-0.08009278
2021-09-03,-0.00960962,1.19448745,-0.08893273
2021-09-07,-0.00475781,1.18880431,-0.09326742
2021-09-08,0.00771476,1.19797564,-0.08627220
2021-09-09,0.00360304,1.20229200,-0.08298000
2021-09-10,-0.00300875,1.19867460,-0.08573909
2021-09-13,0.00038329,1.19913403,-0.08538866
2021-09-14,0.00135980,1.20076461,-0.08414498
2021-09-15,0.00404333,1.20561970,-0.08044187
2021-09-16,-0.00227054,1.20288229,-0.08252977
2021-09-17,0.00406018,1.20776621,-0.07880468
2021-09-20,-0.00315534,1.20395529,-0.08171136
2021-09-21,0.00435974,1.20920422,-0.07770786
2021-09-22,-0.00666808,1.20114116,-0.08385778
2021-09-23,-0.00683895,1.19292661,-0.09012323
2021-09-24,-0.00618203,1.18555191,-0.09574811
2021-09-27,-0.00139881,1.18389354,-0.09701299
2021-09-28,0.00054279,1.18453615,-0.09652286
2021-09-29,0.00085158,1.18554487,-0.09575348
2021-09-30,-0.00145389,1.18382122,-0.09706815
2021-10-01,-0.00579745,1.17695807,-0.10230285
2021-10-04,0.00234998,1.17972390,-0.10019329
2021-10-05,0.00084004,1.18071491,-0.09943741
2021-10-06,0.00050791,1.18131462,-0.09898001
2021-10-07,-0.00339143,1.17730827,-0.10203575
2021-10-08,-0.00060190,1.17659965,-0.10257624
2021-10-11,0.00143178,1.17828427,-0.10129133
2021-10-12,-0.00216778,1.17573002,-0.10323953
2021-10-13,-0.00469321,1.17021207,-0.10744821
2021-10-14,-0.00287085,1.16685256,-0.11001060
2021-10-15,-0.01040624,1.15471001,-0.11927204
2021-10-18,-0.00043394,1.15420894,-0.11965422
2021-10-19,0.00865228,1.16419548,-0.11203723
2021-10-20,-0.00134128,1.16263397,-0.11322823
2021-10-21,-0.00471738,1.15714939,-0.11741147
2021-10-22,-0.00086196,1.15615197,-0.11817222
2021-10-25,0.00222386,1.15872309,-0.11621116
2021-10-26,0.00169998,1.16069289,-0.11470874
2021-10-27,-0.00153109,1.15891576,-0.11606421
2021-10-28,0.00496149,1.16466571,-0.11167857
2021-10-29,-0.01341689,1.14903952,-0.12359708
2021-11-01,-0.01034530,1.13715237,-0.13266373
2021-11-02,-0.00445668,1.13208445,-0.13652916
2021-11-03,-0.00078317,1.13119783,-0.13720541
2021-11-04,-0.00514617,1.12537649,-0.14164550
2021-11-05,0.00262858,1.12833464,-0.13938924
2021-11-08,0.00095225,1.12940910,-0.13856972
2021-11-09,0.00281120,1.13258409,-0.13614807
2021-11-10,0.00165822,1.13446217,-0.13471561
2021-11-11,-0.00124560,1.13304908,-0.13579341
2021-11-12,0.00339726,1.13689835,-0.13285747
2021-11-15,0.00519961,1.14280977,-0.12834867
2021-11-16,0.00671352,1.15048205,-0.12249682
2021-11-17,0.00571217,1.15705380,-0.11748437
2021-11-18,0.00192353,1.15927942,-0.11578683
2021-11-19,-0.00546388,1.15294526,-0.12061807
2021-11-22,0.00380023,1.15732672,-0.11727621
2021-11-23,-0.00889314,1.14703445,-0.12512640
2021-11-24,-0.00670809,1.13934004,-0.13099512
2021-11-26,0.00362504,1.14347020,-0.12784495
2021-11-29,0.00369315,1.14769320,-0.12462395
2021-11-30,-0.00255519,1.14476063,-0.12686070
2021-12-01,0.00793146,1.15384025,-0.11993544
2021-12-02,-0.01486023,1.13669391,-0.13301340
2021-12-03,0.00161483,1.13852948,-0.13161337
2021-12-06,0.00254196,1.14142357,-0.12940597
2021-12-07,-0.00237727,1.13871010,-0.13147560
2021-12-08,0.00003205,1.13874659,-0.13144776
2021-12-09,0.00255045,1.14165091,-0.12923257
2021-12-10,0.00993965,1.15299852,-0.12057744
2021-12-13,0.01918621,1.17512019,-0.10370466
2021-12-14,0.00222814,1.17773852,-0.10170759
2021-12-15,-0.01419244,1.16102354,-0.11445655
2021-12-16,-0.00380064,1.15661091,-0.11782218
2021-12-17,-0.00693986,1.14858420,-0.12394436
2021-12-20,-0.00096504,1.14747577,-0.12478979
2021-12-21,0.00153890,1.14924162,-0.12344293
2021-12-22,-0.00286769,1.14594594,-0.12595663
2021-12-23,-0.00383898,1.14154668,-0.12931207
2021-12-27,0.00838635,1.15112008,-0.12201018
2021-12-28,0.00559539,1.15756105,-0.11709748
2021-12-29,0.00067855,1.15834651,-0.11649839
2021-12-30,0.00204418,1.16071438,-0.11469235
2021-12-31,-0.00022434,1.16045398,-0.11489097
2022-01-03,-0.00271314,1.15730551,-0.11729239
2022-01-04,-0.00308425,1.15373608,-0.12001488
2022-01-05,-0.00822774,1.14424344,-0.12725518
2022-01-06,-0.00629640,1.13703882,-0.13275033
2022-01-07,0.00836001,1.14654448,-0.12550011
2022-01-10,-0.00095819,1.14544587,-0.12633805
2022-01-11,-0.00161856,1.14359189,-0.12775213
2022-01-12,0.00330970,1.14737683,-0.12486525
2022-01-13,-0.00316657,1.14374358,-0.12763643
2022-01-14,0.00836941,1.15331604,-0.12033526
2022-01-18,0.00444888,1.15844700,-0.11642174
2022-01-19,-0.00158572,1.15661003,-0.11782284
2022-01-20,-0.00052149,1.15600688,-0.11828289
2022-01-21,-0.00272105,1.15286132,-0.12068209
2022-01-24,-0.00244469,1.15004294,-0.12283175
2022-01-25,0.00442830,1.15513567,-0.11894738
2022-01-26,0.00306919,1.15868101,-0.11624326
2022-01-27,0.00166519,1.16061043,-0.11477164
2022-01-28,0.00816143,1.17008268,-0.10754690
2022-01-31,0.00097077,1.17121856,-0.10668054
2022-02-01,0.00288436,1.17459678,-0.10410388
2022-02-02,0.00459390,1.17999276,-0.09998822
2022-02-03,0.00149725,1.18175950,-0.09864068
2022-02-04,-0.00646981,1.17411375,-0.10447230
2022-02-07,-0.00900120,1.16354531,-0.11253313
2022-02-08,-0.00566984,1.15694820,-0.11756492
2022-02-09,0.00081983,1.15789670,-0.11684147
2022-02-10,0.01437245,1.17453851,-0.10414832
2022-02-11,-0.00304957,1.17095667,-0.10688028
2022-02-14,-0.00928085,1.16008919,-0.11516920
2022-02-15,-0.00152974,1.15831456,-0.11652276
2022-02-16,-0.01580278,1.14000997,-0.13048416
2022-02-17,-0.00304908,1.13653398,-0.13313538
2022-02-18,0.00423027,1.14134183,-0.12946831
2022-02-22,-0.00719075,1.13313472,-0.13572809
2022-02-23,0.01663651,1.15198613,-0.12134962
2022-02-24,-0.00210551,1.14956061,-0.12319963
2022-02-25,0.00310705,1.15313235,-0.12047537
2022-02-28,-0.00563366,1.14663600,-0.12543031
2022-03-01,0.00785469,1.15564247,-0.11856083
2022-03-02,-0.00487671,1.15000673,-0.12285936
2022-03-03,-0.02005310,1.12694554,-0.14044874
2022-03-04,-0.01729965,1.10744977,-0.15531868
2022-03-07,0.00359515,1.11143122,-0.15228193
2022-03-08,0.00768037,1.11996742,-0.14577114
2022-03-09,0.00006926,1.12004499,-0.14571198
2022-03-10,-0.00455077,1.11494792,-0.14959965
2022-03-11,0.00041362,1.11540908,-0.14924790
2022-03-14,0.00056247,1.11603647,-0.14876938
2022-03-15,-0.00114866,1.11475452,-0.14974715
2022-03-16,0.00421230,1.11945020,-0.14616564
2022-03-17,-0.00168407,1.11756497,-0.14760355
2022-03-18,0.00747440,1.12591810,-0.14123240
2022-03-21,-0.01067109,1.11390333,-0.15039638
2022-03-22,0.01647471,1.13225456,-0.13639941
2022-03-23,-0.00144684,1.13061637,-0.13764890
2022-03-24,0.00616601,1.13758777,-0.13233163
2022-03-25,-0.00035049,1.13718906,-0.13263574
2022-03-28,-0.00104874,1.13599643,-0.13354538
2022-03-29,0.00312193,1.13954293,-0.13084038
2022-03-30,-0.00491849,1.13393810,-0.13511533
2022-03-31,-0.00766398,1.12524762,-0.14174379
2022-04-01,0.00421806,1.12999398,-0.13812362
2022-04-04,-0.01232392,1.11606802,-0.14874531
2022-04-05,-0.02006373,1.09367554,-0.16582465
2022-04-06,0.00148657,1.09530137,-0.16458459
2022-04-07,-0.00298737,1.09202929,-0.16708029
2022-04-08,-0.00105438,1.09087788,-0.16795850
2022-04-11,0.00272995,1.09385593,-0.16568706
2022-04-12,0.00939628,1.10413411,-0.15784763
2022-04-13,-0.00570059,1.09783989,-0.16264839
2022-04-14,-0.00102199,1.09671791,-0.16350416
2022-04-18,0.00381380,1.10090057,-0.16031393
2022-04-19,0.00124178,1.10226765,-0.15927123
2022-04-20,0.00840498,1.11153219,-0.15220492
2022-04-21,-0.00305152,1.10814032,-0.15479198
2022-04-22,0.00230458,1.11069412,-0.15284413
2022-04-25,0.00587240,1.11721656,-0.14786929
2022-04-26,-0.00100049,1.11609880,-0.14872184
2022-04-27,-0.01718249,1.09692144,-0.16334892
2022-04-28,-0.00207250,1.09464808,-0.16508287
2022-04-29,-0.00971933,1.08400883,-0.17319771
2022-05-02,-0.00167942,1.08218832,-0.17458626
2022-05-03,-0.00454556,1.07726917,-0.17833823
2022-05-04,0.00237959,1.07983263,-0.17638301
2022-05-05,0.00195110,1.08193948,-0.17477606
2022-05-06,0.00860251,1.09124688,-0.16767706
2022-05-09,0.00361447,1.09519116,-0.16466865
2022-05-10,0.00984237,1.10597043,-0.15644701
2022-05-11,-0.00901279,1.09600255,-0.16404978
2022-05-12,0.00951081,1.10642642,-0.15609922
2022-05-13,-0.00573929,1.10007632,-0.16094261
2022-05-16,0.00077747,1.10093160,-0.16029026
2022-05-17,-0.00335296,1.09724022,-0.16310578
2022-05-18,0.00006436,1.09731084,-0.16305192
2022-05-19,-0.00888235,1.08756413,-0.17048599
2022-05-20,0.00886881,1.09720953,-0.16312918
2022-05-23,0.00751493,1.10545498,-0.15684016
2022-05-24,-0.00081026,1.10455928,-0.15752334
2022-05-25,0.00011770,1.10468929,-0.15742417
2022-05-26,-0.00115328,1.10341527,-0.15839590
2022-05-27,-0.00437065,1.09859263,-0.16207425
2022-05-31,0.00307628,1.10197222,-0.15949656
2022-06-01,0.01050840,1.11355218,-0.15066421
2022-06-02,0.00420117,1.11823040,-0.14709601
2022-06-03,-0.00189896,1.11610693,-0.14871564
2022-06-06,0.00268472,1.11910336,-0.14643018
2022-06-07,0.00170252,1.12100865,-0.14497696
2022-06-08,0.00273746,1.12407737,-0.14263637
2022-06-09,0.00134517,1.12558944,-0.14148307
2022-06-10,-0.00050084,1.12502570,-0.14191305
2022-06-13,0.00090277,1.12604134,-0.14113840
2022-06-14,0.00487330,1.13152888,-0.13695291
2022-06-15,-0.00873065,1.12164990,-0.14448787
2022-06-16,0.00330775,1.12536004,-0.14165805
2022-06-17,-0.00138574,1.12380057,-0.14284749
2022-06-21,-0.00272143,1.12074223,-0.14518017
2022-06-22,-0.00602754,1.11398691,-0.15033263
2022-06-23,0.01078735,1.12600388,-0.14116697
2022-06-24,0.00805060,1.13506889,-0.13425285
2022-06-27,0.01387618,1.15081931,-0.12223958
2022-06-28,-0.00695415,1.14281635,-0.12834366
2022-06-29,0.00595414,1.14962084,-0.12315369
2022-06-30,-0.00006803,1.14954263,-0.12321334
2022-07-01,0.00030556,1.14989388,-0.12294543
2022-07-05,0.00004981,1.14995116,-0.12290175
2022-07-06,-0.00467433,1.14457591,-0.12700159
2022-07-07,0.00117011,1.14591519,-0.12598008
2022-07-08,0.00671917,1.15361480,-0.12010739
2022-07-11,0.00492984,1.15930193,-0.11576967
2022-07-12,0.00040315,1.15976930,-0.11541319
2022-07-13,0.00187024,1.16193835,-0.11375880
2022-07-14,0.00120805,1.16334203,-0.11268817
2022-07-15,-0.00324701,1.15956465,-0.11556928
2022-07-18,-0.01072728,1.14712568,-0.12505681
2022-07-19,-0.01602462,1.12874343,-0.13907745
2022-07-20,-0.00509821,1.12298885,-0.14346661
2022-07-21,0.00763154,1.13155899,-0.13692994
2022-07-22,-0.00753994,1.12302710,-0.14343744
2022-07-25,0.00331821,1.12675354,-0.14059519
2022-07-26,0.00364729,1.13086313,-0.13746069
2022-07-27,0.00694245,1.13871409,-0.13147255
2022-07-28,-0.00379897,1.13438815,-0.13477207
2022-07-29,0.00221242,1.13689789,-0.13285782
2022-08-01,0.00274901,1.14002323,-0.13047404
2022-08-02,-0.00210170,1.13762724,-0.13230152
2022-08-03,-0.00192056,1.13544237,-0.13396799
2022-08-04,0.00212832,1.13785895,-0.13212480
2022-08-05,0.00676231,1.14555351,-0.12625595
2022-08-08,0.01131840,1.15851934,-0.11636657
2022-08-09,0.00330434,1.16234748,-0.11344674
2022-08-10,0.00254267,1.16530294,-0.11119253
2022-08-11,-0.00428867,1.16030535,-0.11500433
2022-08-12,0.00142282,1.16195626,-0.11374514
2022-08-15,0.00246021,1.16481492,-0.11156476
2022-08-16,-0.00635886,1.15740802,-0.11721420
2022-08-17,-0.00100652,1.15624306,-0.11810275
2022-08-18,-0.00738887,1.14769973,-0.12461897
2022-08-19,-0.00629260,1.14047771,-0.13012740
2022-08-22,-0.00726953,1.13218697,-0.13645096
2022-08-23,-0.00333355,1.12841277,-0.13932965
2022-08-24,-0.00141838,1.12681225,-0.14055041
2022-08-25,0.00019221,1.12702883,-0.14038521
2022-08-26,-0.00394140,1.12258677,-0.14377329
2022-08-29,0.00271207,1.12563131,-0.14145114
2022-08-30,-0.00345735,1.12173961,-0.14441944
2022-08-31,-0.00388869,1.11737751,-0.14774654
2022-09-01,0.00377656,1.12159735,-0.14452795
2022-09-02,0.00593561,1.12825471,-0.13945020
2022-09-06,-0.00182560,1.12619497,-0.14102122
2022-09-07,0.00154939,1.12793988,-0.13969033
2022-09-08,0.00130363,1.12941029,-0.13856881
2022-09-09,0.00243809,1.13216390,-0.13646856
2022-09-12,0.00722515,1.14034395,-0.13022942
2022-09-13,-0.00553449,1.13403273,-0.13504316
2022-09-14,0.02336458,1.16052892,-0.11483380
2022-09-15,0.00236344,1.16327176,-0.11274177
2022-09-16,-0.00094704,1.16217010,-0.11358204
2022-09-19,-0.00258213,1.15916922,-0.11587088
2022-09-20,-0.00284206,1.15587480,-0.11838363
2022-09-21,-0.00093278,1.15479662,-0.11920599
2022-09-22,0.00507290,1.16065478,-0.11473781
2022-09-23,-0.00085413,1.15966343,-0.11549394
2022-09-26,0.00156237,1.16147526,-0.11411201
2022-09-27,-0.00272893,1.15830567,-0.11652954
2022-09-28,-0.00599258,1.15136443,-0.12182380
2022-09-29,-0.00519924,1.14537822,-0.12638965
2022-09-30,0.00123112,1.14678832,-0.12531413
2022-10-03,-0.00404541,1.14214909,-0.12885259
2022-10-04,-0.00619481,1.13507369,-0.13424919
2022-10-05,-0.00719605,1.12690564,-0.14047917
2022-10-06,0.01065491,1.13891272,-0.13132106
2022-10-07,0.00076202,1.13978059,-0.13065911
2022-10-10,0.00995124,1.15112282,-0.12200809
2022-10-11,-0.00316126,1.14748382,-0.12478365
2022-10-12,0.00148099,1.14918322,-0.12348747
2022-10-13,-0.00574365,1.14258272,-0.12852185
2022-10-14,0.01022066,1.15426068,-0.11961476
2022-10-17,-0.00020070,1.15402902,-0.11979145
2022-10-18,0.00931495,1.16477874,-0.11159235
2022-10-19,0.00244251,1.16762372,-0.10942241
2022-10-20,0.00714872,1.17597074,-0.10305592
2022-10-21,0.01107459,1.18899414,-0.09312263
2022-10-24,-0.00863769,1.17872398,-0.10095596
2022-10-25,-0.00355476,1.17453389,-0.10415184
2022-10-26,0.00709634,1.18286879,-0.09779460
2022-10-27,0.00114385,1.18422182,-0.09676261
2022-10-28,0.00064203,1.18498213,-0.09618270
2022-10-31,-0.00475393,1.17934881,-0.10047938
2022-11-01,-0.00968322,1.16792892,-0.10918963
2022-11-02,-0.00150709,1.16616874,-0.11053216
2022-11-03,-0.00630735,1.15881331,-0.11614235
2022-11-04,0.00648352,1.16632650,-0.11041184
2022-11-07,0.00089619,1.16737175,-0.10961460
2022-11-08,0.00564448,1.17396095,-0.10458884
2022-11-09,0.01461905,1.19112314,-0.09149878
2022-11-10,-0.02175225,1.16521353,-0.11126073
2022-11-11,0.00569752,1.17185237,-0.10619711
2022-11-14,-0.00125018,1.17038734,-0.10731453
2022-11-15,0.01074292,1.18296072,-0.09772448
2022-11-16,0.00799865,1.19242281,-0.09050749
2022-11-17,0.00533100,1.19877963,-0.08565898
2022-11-18,0.00277526,1.20210655,-0.08312145
2022-11-21,0.00680596,1.21028804,-0.07688120
2022-11-22,-0.00130867,1.20870417,-0.07808926
2022-11-23,-0.00496183,1.20270679,-0.08266363
2022-11-25,-0.00419779,1.19765808,-0.08651441
2022-11-28,-0.00166776,1.19566067,-0.08803789
2022-11-29,0.00497951,1.20161448,-0.08349676
2022-11-30,0.00719864,1.21026447,-0.07689918
2022-12-01,-0.00492820,1.20430004,-0.08144841
2022-12-02,0.00434034,1.20952711,-0.07746159
2022-12-05,0.00756758,1.21868031,-0.07048020
2022-12-06,0.00050440,1.21929501,-0.07001135
2022-12-07,-0.00338364,1.21516935,-0.07315810
2022-12-08,-0.00143734,1.21342275,-0.07449028
2022-12-09,-0.00015107,1.21323944,-0.07463010
2022-12-12,0.00121775,1.21471686,-0.07350323
2022-12-13,0.00661971,1.22275794,-0.06737009
2022-12-14,0.00169019,1.22482463,-0.06579376
2022-12-15,0.00166495,1.22686391,-0.06423835
2022-12-16,-0.00747339,1.21769508,-0.07123166
2022-12-19,-0.00463251,1.21205409,-0.07553419
2022-12-20,-0.00281769,1.20863889,-0.07813905
2022-12-21,0.00409330,1.21358622,-0.07436560
2022-12-22,-0.00208550,1.21105528,-0.07629601
2022-12-23,0.00133052,1.21266662,-0.07506700
2022-12-27,0.00191330,1.21498681,-0.07329733
2022-12-28,0.00324341,1.21892752,-0.07029165
2022-12-29,0.00058065,1.21963529,-0.06975181
2022-12-30,0.00254942,1.22274465,-0.06738022
2023-01-03,-0.00270609,1.21943579,-0.06990397
2023-01-04,0.00036547,1.21988146,-0.06956405
2023-01-05,0.00011780,1.22002516,-0.06945445
2023-01-06,0.00385905,1.22473330,-0.06586342
2023-01-09,-0.00092701,1.22359796,-0.06672938
2023-01-10,-0.01081253,1.21036777,-0.07682039
2023-01-11,-0.00792129,1.20078010,-0.08413317
2023-01-12,0.00436304,1.20601914,-0.08013721
2023-01-13,-0.00186971,1.20376424,-0.08185708
2023-01-17,-0.00239543,1.20088070,-0.08405643
2023-01-18,-0.00781918,1.19149080,-0.09121836
2023-01-19,0.00370059,1.19590002,-0.08785533
2023-01-20,-0.00415676,1.19092895,-0.09164690
2023-01-23,0.00081797,1.19190310,-0.09090389
2023-01-24,0.00013209,1.19206053,-0.09078381
2023-01-25,-0.00039124,1.19159415,-0.09113953
2023-01-26,-0.00134001,1.18999740,-0.09235742
2023-01-27,-0.00138507,1.18834917,-0.09361457
2023-01-30,0.00108190,1.18963484,-0.09263395
2023-01-31,0.00579463,1.19652834,-0.08737610
2023-02-01,-0.01378798,1.18003063,-0.09995933
2023-02-02,-0.00264028,1.17691502,-0.10233570
2023-02-03,-0.00244219,1.17404076,-0.10452797
2023-02-06,0.00562521,1.18064499,-0.09949075
2023-02-07,0.00140116,1.18229926,-0.09822899
2023-02-08,0.00872362,1.19261319,-0.09036228
2023-02-09,0.00060608,1.19333601,-0.08981097
2023-02-10,0.00279815,1.19667515,-0.08726412
2023-02-13,0.00278166,1.20000389,-0.08472520
2023-02-14,-0.00548127,1.19342635,-0.08974206
2023-02-15,-0.00554027,1.18681445,-0.09478514
2023-02-16,0.00634299,1.19434240,-0.08904337
2023-02-17,-0.00618186,1.18695914,-0.09467477
2023-02-21,0.00048628,1.18753634,-0.09423453
2023-02-22,0.00542148,1.19397454,-0.08932394
2023-02-23,-0.00729782,1.18526113,-0.09596990
2023-02-24,0.00203783,1.18767648,-0.09412764
2023-02-27,0.00043496,1.18819308,-0.09373362
2023-02-28,-0.00991365,1.17641375,-0.10271803
2023-03-01,0.00610318,1.18359362,-0.09724175
2023-03-02,0.00117598,1.18498551,-0.09618012
2023-03-03,-0.00103525,1.18375875,-0.09711580
2023-03-06,-0.00187010,1.18154500,-0.09880428
2023-03-07,-0.00140306,1.17988722,-0.10006872
2023-03-08,0.00243987,1.18276599,-0.09787300
2023-03-09,-0.00034486,1.18235810,-0.09818411
2023-03-10,-0.00813063,1.17274479,-0.10551644
2023-03-13,0.00643261,1.18028860,-0.09976257
2023-03-14,-0.01884612,1.15804474,-0.11672856
2023-03-15,0.00071590,1.15887378,-0.11609623
2023-03-16,-0.00687806,1.15090298,-0.12217577
2023-03-17,0.00219164,1.15342534,-0.12025189
2023-03-20,0.01058945,1.16563948,-0.11093585
2023-03-21,-0.00450816,1.16038459,-0.11494389
2023-03-22,-0.00875921,1.15022054,-0.12269628
2023-03-23,0.00798701,1.15940737,-0.11568924
2023-03-24,-0.00090967,1.15835269,-0.11649368
2023-03-27,0.00037245,1.15878412,-0.11616462
2023-03-28,0.00188061,1.16096334,-0.11450246
2023-03-29,0.00114155,1.16228864,-0.11349163
2023-03-30,0.00319712,1.16600462,-0.11065735
2023-03-31,-0.00116593,1.16464514,-0.11169426
2023-04-03,-0.00260551,1.16161064,-0.11400875
2023-04-04,-0.00655907,1.15399156,-0.11982002
2023-04-05,-0.00631705,1.14670173,-0.12538017
2023-04-06,0.00036309,1.14711809,-0.12506261
2023-04-10,-0.00100283,1.14596773,-0.12594002
2023-04-11,0.00132873,1.14749041,-0.12477863
2023-04-12,0.00233497,1.15016976,-0.12273501
2023-04-13,-0.00305658,1.14665417,-0.12541644
2023-04-14,0.00166619,1.14856472,-0.12395922
2023-04-17,-0.00245714,1.14574253,-0.12611178
2023-04-18,0.00365841,1.14993412,-0.12291474
2023-04-19,0.00512210,1.15582420,-0.11842222
2023-04-20,0.00990933,1.16727764,-0.10968638
2023-04-21,0.00526864,1.17342761,-0.10499564
2023-04-24,0.00788474,1.18267978,-0.09793876
2023-04-25,0.00462589,1.18815073,-0.09376592
2023-04-26,0.00136829,1.18977646,-0.09252593
2023-04-27,0.00358430,1.19404098,-0.08927327
2023-04-28,0.00052490,1.19466773,-0.08879523
2023-05-01,-0.00469417,1.18905976,-0.09307258
2023-05-02,-0.00393183,1.18438458,-0.09663846
2023-05-03,-0.00076009,1.18348434,-0.09732510
2023-05-04,0.00884153,1.19394815,-0.08934407
2023-05-05,-0.00724859,1.18529370,-0.09594505
2023-05-08,-0.01015240,1.17326012,-0.10512338
2023-05-09,0.01501139,1.19087239,-0.09169004
2023-05-10,0.00495949,1.19677851,-0.08718528
2023-05-11,0.00175957,1.19888433,-0.08557912
2023-05-12,0.00109369,1.20019553,-0.08457903
2023-05-15,-0.00399702,1.19539832,-0.08823799
2023-05-16,0.00012905,1.19555258,-0.08812033
2023-05-17,-0.00026256,1.19523868,-0.08835975
2023-05-18,-0.00398671,1.19047361,-0.09199420
2023-05-19,-0.00087187,1.18943567,-0.09278586
2023-05-22,0.00320780,1.19325113,-0.08987571
2023-05-23,0.00774095,1.20248803,-0.08283048
2023-05-24,-0.00669988,1.19443151,-0.08897540
2023-05-25,-0.01431633,1.17733163,-0.10201793
2023-05-26,0.00147382,1.17906680,-0.10069447
2023-05-30,-0.00132230,1.17750773,-0.10188362
2023-05-31,-0.00317894,1.17376450,-0.10473868
2023-06-01,0.00183795,1.17592182,-0.10309323
2023-06-02,-0.00005124,1.17586156,-0.10313919
2023-06-05,0.00902818,1.18647745,-0.09504217
2023-06-06,0.00305381,1.19010073,-0.09227860
2023-06-07,0.00079278,1.19104422,-0.09155898
2023-06-08,0.00179672,1.19318419,-0.08992677
2023-06-09,-0.00097203,1.19202438,-0.09081138
2023-06-12,-0.00673411,1.18399716,-0.09693396
2023-06-13,0.00177882,1.18610327,-0.09532757
2023-06-14,-0.00405692,1.18129135,-0.09899775
2023-06-15,0.00358354,1.18552455,-0.09576897
2023-06-16,-0.00242049,1.18265500,-0.09795766
2023-06-20,0.00280408,1.18597126,-0.09542826
2023-06-21,-0.00631204,1.17848537,-0.10113795
2023-06-22,-0.00203440,1.17608786,-0.10296659
2023-06-23,0.00360012,1.18032192,-0.09973716
2023-06-26,0.00124847,1.18179552,-0.09861321
2023-06-27,-0.00294567,1.17831434,-0.10126839
2023-06-28,0.00284569,1.18166746,-0.09871088
2023-06-29,0.00203348,1.18407035,-0.09687813
2023-06-30,0.00059744,1.18477776,-0.09633857
2023-07-03,0.00349541,1.18891904,-0.09317991
2023-07-05,-0.00067850,1.18811236,-0.09379519
2023-07-06,-0.00505844,1.18210236,-0.09837917
2023-07-07,0.00668821,1.19000851,-0.09234894
2023-07-10,-0.00099560,1.18882373,-0.09325260
2023-07-11,-0.00172948,1.18676769,-0.09482080
2023-07-12,0.00155466,1.18861271,-0.09341356
2023-07-13,-0.00103494,1.18738256,-0.09435182
2023-07-14,-0.00209070,1.18490010,-0.09624526
2023-07-17,-0.00403272,1.18012173,-0.09988985
2023-07-18,-0.00039433,1.17965637,-0.10024480
2023-07-19,-0.00291394,1.17621892,-0.10286663
2023-07-20,0.00034865,1.17662901,-0.10255384
2023-07-21,-0.00263844,1.17352455,-0.10492170
2023-07-24,0.00400423,1.17822361,-0.10133760
2023-07-25,-0.00059625,1.17752110,-0.10187342
2023-07-26,0.00440622,1.18270951,-0.09791608
2023-07-27,0.00544874,1.18915378,-0.09300086
2023-07-28,0.00475771,1.19481143,-0.08868563
2023-07-31,0.00291482,1.19829409,-0.08602931
2023-08-01,0.00413711,1.20325156,-0.08224812
2023-08-02,-0.00003071,1.20321461,-0.08227630
2023-08-03,-0.00071763,1.20235115,-0.08293489
2023-08-04,0.00360360,1.20668394,-0.07963015
2023-08-07,0.00070804,1.20753832,-0.07897849
2023-08-08,-0.00236726,1.20467976,-0.08115879
2023-08-09,-0.00359288,1.20035148,-0.08446008
2023-08-10,-0.00571650,1.19348967,-0.08969377
2023-08-11,0.00874999,1.20393269,-0.08172860
2023-08-14,0.00034229,1.20434479,-0.08141428
2023-08-15,-0.00041136,1.20384937,-0.08179215
2023-08-16,0.00116807,1.20525555,-0.08071962
2023-08-17,0.00185141,1.20748697,-0.07901766
2023-08-18,0.00081973,1.20847679,-0.07826270
2023-08-21,-0.00355070,1.20418585,-0.08153551
2023-08-22,-0.00360998,1.19983876,-0.08485115
2023-08-23,0.00546298,1.20639345,-0.07985171
2023-08-24,-0.00177392,1.20425341,-0.08148398
2023-08-25,-0.00148990,1.20245919,-0.08285248
2023-08-28,-0.00211131,1.19992042,-0.08478886
2023-08-29,0.00199810,1.20231798,-0.08296018
2023-08-30,-0.00328708,1.19836587,-0.08597456
2023-08-31,-0.00292803,1.19485702,-0.08865086
2023-09-01,-0.00916168,1.18391011,-0.09700035
2023-09-05,0.00101963,1.18511727,-0.09607962
2023-09-06,0.00151908,1.18691756,-0.09470649
2023-09-07,-0.00710725,1.17848184,-0.10114064
2023-09-08,0.00051712,1.17909126,-0.10067582
2023-09-11,-0.01245118,1.16441018,-0.11187347
2023-09-12,0.00140288,1.16604370,-0.11062754
2023-09-13,0.00035090,1.16645286,-0.11031546
2023-09-14,-0.00479736,1.16085697,-0.11458360
2023-09-15,0.00393849,1.16542900,-0.11109639
2023-09-18,-0.00188238,1.16323522,-0.11276964
2023-09-19,-0.00834112,1.15353253,-0.12017014
2023-09-20,-0.00991319,1.14209734,-0.12889206
2023-09-21,-0.00229842,1.13947232,-0.13089423
2023-09-22,-0.00201893,1.13717180,-0.13264890
2023-09-25,-0.00223530,1.13462988,-0.13458769
2023-09-26,-0.00156062,1.13285915,-0.13593827
2023-09-27,0.00018061,1.13306375,-0.13578222
2023-09-28,0.00287029,1.13631598,-0.13330166
2023-09-29,-0.00853961,1.12661228,-0.14070293
2023-10-02,0.00663132,1.13408321,-0.13500465
2023-10-03,-0.00343864,1.13018350,-0.13797906
2023-10-04,0.00091108,1.13121318,-0.13719370
2023-10-05,-0.00498537,1.12557367,-0.14149510
2023-10-06,0.00343959,1.12944519,-0.13854220
2023-10-09,0.00268354,1.13247610,-0.13623043
2023-10-10,-0.00473902,1.12710928,-0.14032386
2023-10-11,-0.00438751,1.12216407,-0.14409570
2023-10-12,0.00161401,1.12397525,-0.14271426
2023-10-13,-0.00054585,1.12336173,-0.14318221
2023-10-16,0.00068338,1.12412941,-0.14259668
2023-10-17,0.00377730,1.12837559,-0.13935801
2023-10-18,0.00036975,1.12879280,-0.13903978
2023-10-19,-0.00360318,1.12472556,-0.14214198
2023-10-20,0.00067082,1.12548004,-0.14156651
2023-10-23,0.00490746,1.13100329,-0.13735379
2023-10-24,-0.01135083,1.11816547,-0.14714553
2023-10-25,-0.00668460,1.11069098,-0.15284652
2023-10-26,0.00306683,1.11409729,-0.15024844
2023-10-27,0.00141050,1.11566872,-0.14904987
2023-10-30,-0.00456391,1.11057691,-0.15293353
2023-10-31,0.00144790,1.11218492,-0.15170706
2023-11-01,0.00242865,1.11488602,-0.14964685
2023-11-02,-0.00127886,1.11346024,-0.15073434
2023-11-03,-0.00611544,1.10665094,-0.15592797
2023-11-06,-0.00739830,1.09846360,-0.16217268
2023-11-07,-0.00107681,1.09728076,-0.16307486
2023-11-08,0.00796479,1.10602037,-0.15640892
2023-11-09,-0.00438742,1.10116779,-0.16011011
2023-11-10,-0.00187960,1.09909804,-0.16168877
2023-11-13,0.00927902,1.10929659,-0.15391006
2023-11-14,-0.00200393,1.10707364,-0.15560556
2023-11-15,0.00506181,1.11267744,-0.15133140
2023-11-16,-0.00034754,1.11229074,-0.15162634
2023-11-17,-0.00025135,1.11201116,-0.15183959
2023-11-20,0.00547485,1.11809926,-0.14719604
2023-11-21,0.00390609,1.12246666,-0.14386490
2023-11-22,-0.00255131,1.11960290,-0.14604917
2023-11-24,0.00516356,1.12538404,-0.14163974
2023-11-27,0.00264543,1.12836116,-0.13936901
2023-11-28,0.00047190,1.12889364,-0.13896288
2023-11-29,-0.00208570,1.12653910,-0.14075874
2023-11-30,0.00461303,1.13173586,-0.13679504
2023-12-01,-0.00285812,1.12850121,-0.13926219
2023-12-04,-0.00580749,1.12194746,-0.14426091
2023-12-05,0.00449194,1.12698717,-0.14041699
2023-12-06,0.00154012,1.12872287,-0.13909313
2023-12-07,0.00141480,1.13031979,-0.13787511
2023-12-08,0.00129569,1.13178433,-0.13675807
2023-12-11,-0.00363266,1.12767294,-0.13989394
2023-12-12,0.00394918,1.13212632,-0.13649722
2023-12-13,0.00878564,1.14207278,-0.12891080
2023-12-14,-0.00421731,1.13725630,-0.13258445
2023-12-15,0.00076863,1.13813043,-0.13191773
2023-12-18,-0.00394030,1.13364586,-0.13533823
2023-12-19,-0.00096740,1.13254917,-0.13617471
2023-12-20,-0.00484749,1.12705915,-0.14036209
2023-12-21,0.00225089,1.12959604,-0.13842714
2023-12-22,-0.00099827,1.12846840,-0.13928722
2023-12-26,-0.00236957,1.12579441,-0.14132674
2023-12-27,0.00040112,1.12624600,-0.14098230
2023-12-28,-0.00027491,1.12593638,-0.14121846
2023-12-29,0.00205767,1.12825318,-0.13945137
2024-01-02,-0.00375434,1.12401733,-0.14268216
2024-01-03,-0.00525221,1.11811376,-0.14718497
2024-01-04,-0.00108921,1.11689590,-0.14811387
2024-01-05,0.00363963,1.12096098,-0.14501332
2024-01-08,0.00412039,1.12557978,-0.14149044
2024-01-09,-0.00235971,1.12292373,-0.14351628
2024-01-10,-0.00414652,1.11826750,-0.14706771
2024-01-11,0.00174241,1.12021599,-0.14558155
2024-01-12,0.00102562,1.12136490,-0.14470524
2024-01-16,-0.00080984,1.12045677,-0.14539790
2024-01-17,-0.00563576,1.11414215,-0.15021423
2024-01-18,-0.01057784,1.10235693,-0.15920313
2024-01-19,0.00115292,1.10362786,-0.15823376
2024-01-22,0.00105684,1.10479422,-0.15734414
2024-01-23,-0.00378876,1.10060843,-0.16053676
2024-01-24,0.00432423,1.10536771,-0.15690672
2024-01-25,0.00182956,1.10739004,-0.15536424
2024-01-26,0.00336247,1.11111361,-0.15252417
2024-01-29,0.00070018,1.11189159,-0.15193078
2024-01-30,0.00588687,1.11843716,-0.14693831
2024-01-31,-0.00370304,1.11429553,-0.15009724
2024-02-01,-0.00061601,1.11360912,-0.15062078
2024-02-02,0.00314431,1.11711066,-0.14795007
2024-02-05,-0.00679880,1.10951565,-0.15374298
2024-02-06,0.00366925,1.11358674,-0.15063785
2024-02-07,-0.00076997,1.11272932,-0.15129183
2024-02-08,-0.00028023,1.11241749,-0.15152967
2024-02-09,0.00296984,1.11572120,-0.14900985
2024-02-12,0.00150394,1.11739917,-0.14773001
2024-02-13,-0.00260974,1.11448305,-0.14995421
2024-02-14,-0.00319741,1.11091960,-0.15267215
2024-02-15,-0.01625727,1.09285908,-0.16644739
2024-02-16,0.00665629,1.10013347,-0.16089902
2024-02-20,-0.00419823,1.09551486,-0.16442176
2024-02-21,0.00126544,1.09690116,-0.16336439
2024-02-22,0.00184469,1.09892460,-0.16182105
2024-02-23,0.00263955,1.10182527,-0.15960864
2024-02-26,-0.00009131,1.10172466,-0.15968537
2024-02-27,-0.00289950,1.09853021,-0.16212187
2024-02-28,-0.00044205,1.09804460,-0.16249226
2024-02-29,-0.00630760,1.09111858,-0.16777492
2024-03-01,0.00467145,1.09621568,-0.16388722
2024-03-04,0.00667157,1.10352916,-0.15830903
2024-03-05,0.00833575,1.11272790,-0.15129291
2024-03-06,0.00092774,1.11376023,-0.15050553
2024-03-07,0.00381526,1.11800951,-0.14726449
2024-03-08,0.00671870,1.12552108,-0.14153521
2024-03-11,0.00437858,1.13044926,-0.13777636
2024-03-12,-0.00538900,1.12435727,-0.14242288
2024-03-13,0.00108763,1.12558016,-0.14149016
2024-03-14,0.00054286,1.12619118,-0.14102411
2024-03-15,0.00252671,1.12903674,-0.13885373
2024-03-18,-0.00240665,1.12631955,-0.14092620
2024-03-19,-0.01201357,1.11278843,-0.15124675
2024-03-20,0.00141203,1.11435971,-0.15004828
2024-03-21,-0.00017183,1.11416824,-0.15019433
2024-03-22,-0.00124362,1.11278264,-0.15125116
2024-03-25,-0.00091610,1.11176321,-0.15202870
2024-03-26,0.00393669,1.11613988,-0.14869050
2024-03-27,0.00378781,1.12036761,-0.14546590
2024-03-28,-0.00014708,1.12020282,-0.14559159
2024-04-01,-0.00168853,1.11831132,-0.14703429
2024-04-02,0.00394019,1.12271768,-0.14367344
2024-04-03,0.00954261,1.13343134,-0.13550185
2024-04-04,0.00427062,1.13827180,-0.13180991
2024-04-05,0.00335949,1.14209581,-0.12889323
2024-04-08,0.00186973,1.14423122,-0.12726449
2024-04-09,0.00520360,1.15018535,-0.12272312
2024-04-10,0.00013502,1.15034065,-0.12260467
2024-04-11,0.00967076,1.16146532,-0.11411959
2024-04-12,0.00281362,1.16473324,-0.11162706
2024-04-15,-0.00174516,1.16270060,-0.11317741
2024-04-16,0.00291137,1.16608565,-0.11059554
2024-04-17,-0.00278051,1.16284333,-0.11306854
2024-04-18,-0.01126081,1.14974877,-0.12305611
2024-04-19,0.00061205,1.15045248,-0.12251938
2024-04-22,0.00667671,1.15813371,-0.11666070
2024-04-23,0.00542879,1.16442098,-0.11186523
2024-04-24,0.00108029,1.16567889,-0.11090579
2024-04-25,0.00889069,1.17604258,-0.10300113
2024-04-26,0.00109733,1.17733308,-0.10201683
2024-04-29,0.00562889,1.18396016,-0.09696218
2024-04-30,0.00717917,1.19246001,-0.09047912
2024-05-01,-0.00890030,1.18184676,-0.09857412
2024-05-02,-0.01001588,1.17000952,-0.10760270
2024-05-03,0.00272807,1.17320139,-0.10516817
2024-05-06,0.00587120,1.18008950,-0.09991444
2024-05-07,0.00078121,1.18101140,-0.09921128
2024-05-08,0.00315117,1.18473296,-0.09637274
2024-05-09,-0.00393073,1.18007610,-0.09992465
2024-05-10,0.00421067,1.18504501,-0.09613474
2024-05-13,0.00332055,1.18898001,-0.09313341
2024-05-14,-0.00150965,1.18718507,-0.09450246
2024-05-15,0.00375653,1.19164476,-0.09110093
2024-05-16,0.00075853,1.19254865,-0.09041151
2024-05-17,-0.00097788,1.19138249,-0.09130097
2024-05-20,0.00058269,1.19207670,-0.09077148
2024-05-21,-0.00864311,1.18177345,-0.09863004
2024-05-22,0.00130048,1.18331033,-0.09745782
2024-05-23,0.00267558,1.18647637,-0.09504300
2024-05-24,-0.00261503,1.18337370,-0.09740949
2024-05-28,0.00247645,1.18630427,-0.09517427
2024-05-29,0.00033556,1.18670235,-0.09487064
2024-05-30,-0.00121382,1.18526191,-0.09596930
2024-05-31,0.00309772,1.18893352,-0.09316886
2024-06-03,0.00230888,1.19167863,-0.09107510
2024-06-04,0.01146607,1.20534249,-0.08065331
2024-06-05,-0.00310032,1.20160554,-0.08350358
2024-06-06,0.00050376,1.20221086,-0.08304189
2024-06-07,0.00274325,1.20550882,-0.08052644
2024-06-10,-0.00478332,1.19974249,-0.08492458
2024-06-11,-0.00583183,1.19274579,-0.09026114
2024-06-12,-0.00738456,1.18393788,-0.09697917
2024-06-13,-0.01818004,1.16241384,-0.11339613
2024-06-14,-0.00323634,1.15865188,-0.11626548
2024-06-17,-0.00207911,1.15624292,-0.11810285
2024-06-18,0.00270864,1.15937476,-0.11571411
2024-06-20,0.00022586,1.15963662,-0.11551439
2024-06-21,-0.00296471,1.15619864,-0.11813663
2024-06-24,-0.00308484,1.15263195,-0.12085704
2024-06-25,0.01072577,1.16499481,-0.11142755
2024-06-26,-0.00016261,1.16480537,-0.11157204
2024-06-27,-0.00243557,1.16196840,-0.11373587
2024-06-28,-0.00360732,1.15777681,-0.11693292
2024-07-01,0.00468821,1.16320471,-0.11279291
2024-07-02,0.00274054,1.16639252,-0.11036148
2024-07-03,-0.00039544,1.16593129,-0.11071328
2024-07-05,-0.00430766,1.16090885,-0.11454402
2024-07-08,0.00457295,1.16621763,-0.11049488
2024-07-09,-0.00290000,1.16283560,-0.11307444
2024-07-10,0.00124310,1.16428112,-0.11197190
2024-07-11,0.00531408,1.17046821,-0.10725285
2024-07-12,0.00545031,1.17684763,-0.10238710
2024-07-15,0.00485167,1.18255730,-0.09803218
2024-07-16,-0.01024022,1.17044766,-0.10726852
2024-07-17,-0.00049778,1.16986504,-0.10771290
2024-07-18,-0.00410371,1.16506425,-0.11137459
2024-07-19,0.00789663,1.17426433,-0.10435745
2024-07-22,-0.00225417,1.17161733,-0.10637638
2024-07-23,-0.00966079,1.16029858,-0.11500949
2024-07-24,-0.00309340,1.15670931,-0.11774713
2024-07-25,0.00247291,1.15956974,-0.11556540
2024-07-26,0.00480947,1.16514665,-0.11131174
2024-07-29,-0.00196382,1.16285852,-0.11305696
2024-07-30,0.00363484,1.16708532,-0.10983306
2024-07-31,0.01691904,1.18683129,-0.09477229
2024-08-01,-0.00643498,1.17919405,-0.10059742
2024-08-02,-0.00576712,1.17239349,-0.10578439
2024-08-05,0.00761973,1.18132681,-0.09897070
2024-08-06,0.00437670,1.18649712,-0.09502717
2024-08-07,-0.00830637,1.17664164,-0.10254421
2024-08-08,0.00293185,1.18009138,-0.09991300
2024-08-09,-0.00024109,1.17980687,-0.10013000
2024-08-12,-0.00404499,1.17503457,-0.10376996
2024-08-13,-0.00315044,1.17133269,-0.10659348
2024-08-14,-0.00878425,1.16104342,-0.11444139
2024-08-15,-0.00020527,1.16080509,-0.11462317
2024-08-16,-0.00305884,1.15725437,-0.11733139
2024-08-19,0.00319909,1.16095653,-0.11450765
2024-08-20,0.00079546,1.16188003,-0.11380328
2024-08-21,0.00783851,1.17098744,-0.10685682
2024-08-22,-0.00033931,1.17059011,-0.10715987
2024-08-23,-0.00295206,1.16713445,-0.10979559
2024-08-26,0.00271258,1.17030039,-0.10738085
2024-08-27,-0.00096152,1.16917512,-0.10823912
2024-08-28,-0.00152643,1.16739046,-0.10960033
2024-08-29,0.00763976,1.17630904,-0.10279789
2024-08-30,-0.00593369,1.16932919,-0.10812161
2024-09-03,-0.00245262,1.16646127,-0.11030904
2024-09-04,-0.00089605,1.16541607,-0.11110625
2024-09-05,-0.00987305,1.15390985,-0.11988234
2024-09-06,0.00259345,1.15690247,-0.11759980
2024-09-09,0.00201467,1.15923324,-0.11582206
2024-09-10,0.01291192,1.17420117,-0.10440562
2024-09-11,-0.00892057,1.16372662,-0.11239483
2024-09-12,0.00712403,1.17201705,-0.10607151
2024-09-13,-0.00383108,1.16752695,-0.10949622
2024-09-16,-0.00641925,1.16003231,-0.11521259
2024-09-17,-0.00165542,1.15811197,-0.11667728
2024-09-18,-0.01330658,1.14270146,-0.12843128
2024-09-19,0.00551672,1.14900543,-0.12362308
2024-09-20,0.00311688,1.15258675,-0.12089151
2024-09-23,-0.00404013,1.14793015,-0.12444323
2024-09-24,0.00132485,1.14945098,-0.12328325
2024-09-25,-0.00075586,1.14858215,-0.12394592
2024-09-26,0.00331227,1.15238657,-0.12104419
2024-09-27,0.00235714,1.15510291,-0.11897237
2024-09-30,0.00122974,1.15652338,-0.11788894
2024-10-01,-0.00306034,1.15298403,-0.12058850
2024-10-02,-0.00109416,1.15172248,-0.12155071
2024-10-03,0.00196588,1.15398663,-0.11982379
2024-10-04,0.00743732,1.16256919,-0.11327764
2024-10-07,0.00109645,1.16384389,-0.11230539
2024-10-08,0.00153757,1.16563338,-0.11094050
2024-10-09,0.00498046,1.17143877,-0.10651257
2024-10-10,-0.00278971,1.16817079,-0.10900515
2024-10-11,-0.00032657,1.16778931,-0.10929612
2024-10-14,-0.00909354,1.15716997,-0.11739577
2024-10-15,-0.00272924,1.15401177,-0.11980461
2024-10-16,-0.00015367,1.15383444,-0.11993987
2024-10-17,0.00295113,1.15723955,-0.11734270
2024-10-18,0.00880289,1.16742660,-0.10957276
2024-10-21,0.00363969,1.17167567,-0.10633189
2024-10-22,-0.00307849,1.16806867,-0.10908304
2024-10-23,-0.00159478,1.16620586,-0.11050386
2024-10-24,0.00249556,1.16911619,-0.10828406
2024-10-25,0.00010649,1.16924069,-0.10818911
2024-10-28,0.00481764,1.17487367,-0.10389268
2024-10-29,0.00984881,1.18644478,-0.09506709
2024-10-30,0.00349252,1.19058847,-0.09190659
2024-10-31,-0.00008607,1.19048600,-0.09198475
2024-11-01,-0.00042660,1.18997814,-0.09237210
2024-11-04,0.00228166,1.19269326,-0.09030121
2024-11-05,0.00956753,1.20410439,-0.08159764
2024-11-06,0.07081368,1.28937146,-0.01656219
2024-11-07,-0.00796114,1.27910659,-0.02439147
2024-11-08,-0.01312690,1.26231588,-0.03719819
2024-11-11,-0.00276864,1.25882098,-0.03986385
2024-11-12,-0.00450979,1.25314396,-0.04419386
2024-11-13,-0.00026267,1.25281479,-0.04444492
2024-11-14,-0.00193538,1.25039012,-0.04629428
2024-11-15,-0.00163103,1.24835071,-0.04784980
2024-11-18,0.00005448,1.24841872,-0.04779793
2024-11-19,0.00239434,1.25140786,-0.04551803
2024-11-20,0.00204657,1.25396896,-0.04356461
2024-11-21,0.00165501,1.25604430,-0.04198170
2024-11-22,0.00092415,1.25720507,-0.04109634
2024-11-25,0.00034026,1.25763284,-0.04077007
2024-11-26,-0.00326319,1.25352895,-0.04390022
2024-11-27,0.00108458,1.25488850,-0.04286325
2024-11-29,-0.00109322,1.25351663,-0.04390961
2024-12-02,-0.00266778,1.25017252,-0.04646026
2024-12-03,-0.00052273,1.24951902,-0.04695870
2024-12-04,0.00478279,1.25549520,-0.04240050
2024-12-05,-0.00495200,1.24927799,-0.04714253
2024-12-06,-0.00386564,1.24444874,-0.05082594
2024-12-09,-0.00812446,1.23433826,-0.05853747
2024-12-10,0.00411375,1.23941601,-0.05466453
2024-12-11,-0.00328939,1.23533909,-0.05777411
2024-12-12,-0.01176982,1.22079937,-0.06886394
2024-12-13,0.00107431,1.22211089,-0.06786361
2024-12-16,0.00297284,1.22574403,-0.06509251
2024-12-17,-0.00196381,1.22333690,-0.06692849
2024-12-18,0.00475049,1.22914835,-0.06249595
2024-12-19,0.00801118,1.23899528,-0.05498543
2024-12-20,-0.00150472,1.23713094,-0.05640741
2024-12-23,0.00111005,1.23850422,-0.05535998
2024-12-24,0.00091041,1.23963177,-0.05449997
2024-12-26,0.00232958,1.24251959,-0.05229735
2024-12-27,-0.00346103,1.23821919,-0.05557738
2024-12-30,0.00444049,1.24371748,-0.05138368
2024-12-31,0.00624305,1.25148207,-0.04546143
2025-01-02,0.00494781,1.25767417,-0.04073855
2025-01-03,-0.00574515,1.25044864,-0.04624965
2025-01-06,0.00833594,1.26087231,-0.03829924
2025-01-07,0.00971804,1.27312552,-0.02895339
2025-01-08,0.00203895,1.27572135,-0.02697348
2025-01-10,-0.00777325,1.26580485,-0.03453706
2025-01-13,0.00503124,1.27217341,-0.02967959
2025-01-14,0.00930940,1.28401658,-0.02064649
2025-01-15,0.00289478,1.28773352,-0.01781148
2025-01-16,-0.00759523,1.27795289,-0.02527143
2025-01-17,-0.00269123,1.27451363,-0.02789465
2025-01-21,-0.01231429,1.25881890,-0.03986543
2025-01-22,0.00142836,1.26061695,-0.03849401
2025-01-23,-0.00358862,1.25609307,-0.04194450
2025-01-24,0.01195312,1.27110730,-0.03049274
2025-01-27,-0.01092964,1.25721456,-0.04108911
2025-01-28,-0.00270060,1.25381933,-0.04367874
2025-01-29,0.01394763,1.27130714,-0.03034032
2025-01-30,0.00108425,1.27268556,-0.02928896
2025-01-31,-0.00423727,1.26729285,-0.03340213
2025-02-03,-0.00054998,1.26659587,-0.03393373
2025-02-04,-0.00467783,1.26067094,-0.03845283
2025-02-05,0.00624595,1.26854503,-0.03244705
2025-02-06,-0.00538955,1.26170815,-0.03766172
2025-02-07,0.00298934,1.26547983,-0.03478497
2025-02-10,0.00424379,1.27085026,-0.03068879
2025-02-11,0.00401173,1.27594856,-0.02680018
2025-02-12,0.00148583,1.27784440,-0.02535417
2025-02-13,-0.00880908,1.26658777,-0.03393991
2025-02-14,0.00745587,1.27603129,-0.02673709
2025-02-18,-0.02782400,1.24052699,-0.05381716
2025-02-19,-0.00423784,1.23526983,-0.05782693
2025-02-20,0.00149961,1.23712225,-0.05641405
2025-02-21,-0.00643757,1.22915818,-0.06248845
2025-02-24,-0.01313978,1.21300732,-0.07480714
2025-02-25,0.01178104,1.22729781,-0.06390740
2025-02-26,-0.00783460,1.21768243,-0.07124131
2025-02-27,-0.00279608,1.21427769,-0.07383819
2025-02-28,0.00527481,1.22068278,-0.06895287
2025-03-03,-0.00156976,1.21876660,-0.07041438
2025-03-04,0.00003395,1.21880798,-0.07038282
2025-03-05,-0.01586934,1.19946631,-0.08513523
2025-03-06,-0.00791996,1.18996657,-0.09238093
2025-03-07,-0.00829552,1.18009518,-0.09991010
2025-03-10,0.00311734,1.18377395,-0.09710421
2025-03-11,-0.00616901,1.17647124,-0.10267418
2025-03-12,0.00098937,1.17763521,-0.10178639
2025-03-13,-0.00636455,1.17014009,-0.10750311
2025-03-14,-0.00473914,1.16459463,-0.11173278
2025-03-17,0.00653023,1.17219969,-0.10593220
2025-03-18,-0.00470604,1.16668327,-0.11013972
2025-03-19,0.00318940,1.17040429,-0.10730160
2025-03-20,-0.00181157,1.16828402,-0.10891879
2025-03-21,-0.01193201,1.15434404,-0.11955118
2025-03-24,-0.00919565,1.14372909,-0.12764748
2025-03-25,0.01268112,1.15823285,-0.11658508
2025-03-26,0.02082323,1.18235099,-0.09818953
2025-03-27,0.01161087,1.19607912,-0.08771873
2025-03-28,-0.00980660,1.18434965,-0.09666511
2025-03-31,0.01216412,1.19875622,-0.08567683
2025-04-01,0.00964194,1.21031456,-0.07686098
2025-04-02,-0.03202600,1.17155303,-0.10642543
2025-04-03,-0.01781660,1.15067994,-0.12234589
2025-04-04,0.01516629,1.16813149,-0.10903513
2025-04-07,0.00860113,1.17817873,-0.10137183
2025-04-08,0.04004650,1.22536067,-0.06538491
2025-04-09,0.01248285,1.24065667,-0.05371825
2025-04-10,0.00304054,1.24442893,-0.05084104
2025-04-11,0.01351783,1.26125091,-0.03801047
2025-04-14,-0.01090028,1.24750292,-0.04849643
2025-04-15,0.01402727,1.26500198,-0.03514943
2025-04-16,-0.00123138,1.26344429,-0.03633752
2025-04-17,0.00063265,1.26424361,-0.03572786
2025-04-21,-0.00211328,1.26157191,-0.03776564
2025-04-22,0.00238566,1.26458159,-0.03547008
2025-04-23,-0.00291348,1.26089726,-0.03828022
2025-04-24,-0.00725294,1.25175205,-0.04525551
2025-04-25,-0.00269143,1.24838304,-0.04782514
2025-04-28,-0.00447310,1.24279890,-0.05208431
2025-04-29,0.00761837,1.25226700,-0.04486274
2025-04-30,-0.00161320,1.25024684,-0.04640357
2025-05-01,-0.00792211,1.24034225,-0.05395807
2025-05-02,-0.00090020,1.23922568,-0.05480970
2025-05-05,-0.00127262,1.23764862,-0.05601256
2025-05-06,-0.00098441,1.23643027,-0.05694183
2025-05-07,0.00270798,1.23977850,-0.05438805
2025-05-08,0.00074566,1.24070296,-0.05368294
2025-05-09,0.01380062,1.25782542,-0.04062318
2025-05-12,-0.00767606,1.24817028,-0.04798742
2025-05-13,-0.00468247,1.24232577,-0.05244518
2025-05-14,0.00409782,1.24741659,-0.04856227
2025-05-15,0.00522715,1.25393702,-0.04358897
2025-05-16,0.00194596,1.25637714,-0.04172783
2025-05-19,0.00067706,1.25722778,-0.04107902
2025-05-20,-0.00648941,1.24906911,-0.04730185
2025-05-21,0.00201204,1.25158229,-0.04538499
2025-05-22,0.00175206,1.25377513,-0.04371245
2025-05-23,0.00589928,1.26117150,-0.03807104
2025-05-27,0.00123339,1.26272702,-0.03688461
2025-05-28,-0.00031982,1.26232317,-0.03719263
2025-05-29,-0.00213624,1.25962655,-0.03924942
2025-05-30,-0.00211611,1.25696104,-0.04128247
2025-06-02,0.01011121,1.26967044,-0.03158868
2025-06-03,0.00138825,1.27143305,-0.03024428
2025-06-04,-0.00089198,1.27029895,-0.03110929
2025-06-05,-0.00341995,1.26595459,-0.03442285
2025-06-06,-0.00305068,1.26209257,-0.03736852
2025-06-09,-0.00597480,1.25455182,-0.04312005
2025-06-10,0.00279949,1.25806393,-0.04044127
2025-06-11,0.00423019,1.26338577,-0.03638216
2025-06-12,0.00265882,1.26674490,-0.03382006
2025-06-13,-0.00373902,1.26200851,-0.03743263
2025-06-16,-0.00020475,1.26175012,-0.03762972
2025-06-17,-0.00386860,1.25686890,-0.04135275
2025-06-18,-0.00961357,1.24478591,-0.05056877
2025-06-20,-0.00241952,1.24177413,-0.05286593
2025-06-23,0.00320922,1.24575925,-0.04982637
2025-06-24,0.00740401,1.25498286,-0.04279128
2025-06-25,0.00273585,1.25841631,-0.04017250
2025-06-26,0.00233341,1.26135271,-0.03793283
2025-06-27,-0.00788492,1.25140705,-0.04551864
2025-06-30,0.01688171,1.27253294,-0.02940537
2025-07-01,0.00078439,1.27353110,-0.02864405
2025-07-02,0.00200566,1.27608537,-0.02669584
2025-07-03,0.00079771,1.27710332,-0.02591942
2025-07-07,-0.00521687,1.27044085,-0.03100107
2025-07-08,0.00484103,1.27659109,-0.02631011
2025-07-09,0.00663766,1.28506467,-0.01984709
2025-07-10,0.00322571,1.28920991,-0.01668540
2025-07-11,0.00855926,1.30024459,-0.00826896
2025-07-14,0.00289486,1.30400862,-0.00539804
2025-07-15,-0.00317992,1.29986197,-0.00856079
2025-07-16,0.00362070,1.30456838,-0.00497109
2025-07-17,-0.00189304,1.30209878,-0.00685472
2025-07-18,-0.00195390,1.29955461,-0.00879522
2025-07-21,0.00580746,1.30710173,-0.00303884
2025-07-22,0.00507169,1.31373094,0.00000000
2025-07-23,0.00416348,1.31920063,0.00000000
2025-07-24,0.00199912,1.32183787,0.00000000
2025-07-25,0.00458483,1.32789826,0.00000000
2025-07-28,-0.00165116,1.32570569,-0.00165116
2025-07-29,-0.00903249,1.31373126,-0.01066874
2025-07-30,0.01165415,1.32904169,0.00000000
2025-07-31,0.00577798,1.33672086,0.00000000
2025-08-01,0.00057392,1.33748803,0.00000000
2025-08-04,-0.00557890,1.33002631,-0.00557890
2025-08-05,-0.00072383,1.32906360,-0.00629870
2025-08-06,-0.00775835,1.31875225,-0.01400818
2025-08-07,-0.00243957,1.31553506,-0.01641358
2025-08-08,0.00027592,1.31589804,-0.01614219
2025-08-11,0.00273091,1.31949164,-0.01345536
2025-08-12,0.00489496,1.32595050,-0.00862627
2025-08-13,0.00109602,1.32740377,-0.00753970
2025-08-14,-0.00017246,1.32717485,-0.00771086
2025-08-15,0.00262984,1.33066510,-0.00510130
2025-08-18,-0.00656976,1.32192295,-0.01163754
2025-08-19,0.00136617,1.32372893,-0.01028727
2025-08-20,0.00154287,1.32577127,-0.00876027
2025-08-21,0.00294107,1.32967046,-0.00584497
2025-08-22,-0.00226750,1.32665543,-0.00809921
2025-08-25,0.00570369,1.33422227,-0.00244171
2025-08-26,-0.00074878,1.33322322,-0.00318867
2025-08-27,-0.00437046,1.32739643,-0.00754519
2025-08-28,0.00083562,1.32850563,-0.00671587
2025-08-29,-0.00593373,1.32062264,-0.01260975
2025-09-02,-0.00147315,1.31867716,-0.01406433
2025-09-03,-0.00572972,1.31112151,-0.01971346
2025-09-04,-0.00353473,1.30648705,-0.02317851
2025-09-05,-0.00237042,1.30339013,-0.02549399
2025-09-08,-0.00175846,1.30109816,-0.02720762
2025-09-09,-0.01128220,1.28641891,-0.03818286
2025-09-10,0.00188003,1.28883742,-0.03637461
2025-09-11,0.00202540,1.29144784,-0.03442288
2025-09-12,0.00470260,1.29752100,-0.02988216
2025-09-15,0.00368300,1.30229977,-0.02630921
2025-09-16,0.00379860,1.30724669,-0.02261055
2025-09-17,-0.00559771,1.29992910,-0.02808169
2025-09-18,-0.00272096,1.29639204,-0.03072625
2025-09-19,-0.00491080,1.29002572,-0.03548616
2025-09-22,-0.00140891,1.28820819,-0.03684507
2025-09-23,0.00868660,1.29939834,-0.02847853
2025-09-24,-0.00277616,1.29579101,-0.03117562
2025-09-25,-0.00009592,1.29566671,-0.03126855
2025-09-26,0.00408114,1.30095451,-0.02731503
2025-09-29,0.00205282,1.30362513,-0.02531828
2025-09-30,0.00036503,1.30410099,-0.02496249
2025-10-01,0.00260882,1.30750316,-0.02241879
2025-10-02,-0.00342296,1.30302763,-0.02576502
2025-10-03,-0.01509865,1.28335367,-0.04047465
2025-10-06,0.00208207,1.28602571,-0.03847685
2025-10-07,-0.01003754,1.27311717,-0.04812817
2025-10-08,-0.00550721,1.26610585,-0.05337033
2025-10-09,0.00876475,1.27720296,-0.04507336
2025-10-10,0.00960158,1.28946613,-0.03590455
2025-10-13,0.00342212,1.29387884,-0.03260529
2025-10-14,-0.00332072,1.28958223,-0.03581774
2025-10-15,0.01115588,1.30396864,-0.02506145
2025-10-16,-0.00024378,1.30365076,-0.02529912
2025-10-17,0.00217310,1.30648373,-0.02318099
2025-10-20,0.00372558,1.31135114,-0.01954178
2025-10-21,0.00199940,1.31397305,-0.01758145
2025-10-22,-0.00466556,1.30784263,-0.02216498
2025-10-23,-0.00077468,1.30682947,-0.02292249
2025-10-24,-0.00473481,1.30064188,-0.02754877
2025-10-27,-0.00008725,1.30052839,-0.02763362
2025-10-28,-0.01024052,1.28721031,-0.03759115
2025-10-29,0.00233714,1.29021871,-0.03534186
2025-10-30,0.00205740,1.29287321,-0.03335717
2025-10-31,-0.00254818,1.28957874,-0.03582035
2025-11-03,-0.00077292,1.28858199,-0.03656559
2025-11-04,-0.00684830,1.27975740,-0.04316347
2025-11-05,-0.01292842,1.26321216,-0.05553386
2025-11-06,-0.00335428,1.25897499,-0.05870186
2025-11-07,0.00428185,1.26436574,-0.05467136
2025-11-10,-0.02168947,1.23694231,-0.07517504
2025-11-11,0.00384145,1.24169397,-0.07162237
2025-11-12,-0.01321161,1.22528919,-0.08388773
2025-11-13,-0.00100916,1.22405268,-0.08481224
2025-11-14,-0.00707626,1.21539096,-0.09128834
2025-11-17,-0.00670127,1.20724630,-0.09737787
2025-11-18,0.00316789,1.21107073,-0.09451846
2025-11-19,0.00627390,1.21866887,-0.08883755
2025-11-20,0.00673883,1.22688127,-0.08269738
2025-11-21,0.00030456,1.22725492,-0.08241801
2025-11-24,-0.00703687,1.21861889,-0.08887492
2025-11-25,-0.00646781,1.21073709,-0.09476791
2025-11-26,-0.00302273,1.20707736,-0.09750418
2025-11-28,-0.00507914,1.20094645,-0.10208808
2025-12-01,-0.01086841,1.18789407,-0.11184695
2025-12-02,-0.00306088,1.18425807,-0.11456548
2025-12-03,-0.01059221,1.17171416,-0.12394419
2025-12-04,-0.00313914,1.16803598,-0.12669426
2025-12-05,0.00102943,1.16923838,-0.12579525
2025-12-08,-0.00863494,1.15914208,-0.13334396
2025-12-09,0.00576360,1.16582291,-0.12834890
2025-12-10,-0.00193321,1.16356913,-0.13003399
2025-12-11,-0.00560584,1.15704635,-0.13491087
2025-12-12,-0.00224807,1.15444523,-0.13685565
2025-12-15,0.00431283,1.15942415,-0.13313306
2025-12-16,-0.00556412,1.15297297,-0.13795642
2025-12-17,0.00780027,1.16196647,-0.13123224
2025-12-18,0.00565458,1.16853690,-0.12631973
2025-12-19,0.00138251,1.17015242,-0.12511185
2025-12-22,0.00143624,1.17183305,-0.12385530
2025-12-23,-0.00137198,1.17022531,-0.12505736
2025-12-24,0.00296109,1.17369046,-0.12246657
2025-12-26,0.00040732,1.17416853,-0.12210913
2025-12-29,0.00004138,1.17421712,-0.12207280
2025-12-30,-0.00079447,1.17328423,-0.12277029
2025-12-31,0.00000000,1.17328423,-0.12277029
