2020-01-02,-0.00629757,0.99370243,0.00000000
2020-01-03,0.00109481,0.99479034,0.00000000
2020-01-06,0.00555688,1.00031827,0.00000000
2020-01-07,0.00452470,1.00484441,0.00000000
2020-01-08,0.00834067,1.01322548,0.00000000
2020-01-09,-0.00193420,1.01126570,-0.00193420
2020-01-10,0.00791815,1.01927306,0.00000000
2020-01-13,-0.00228946,1.01693947,-0.00228946
2020-01-14,0.00068948,1.01764063,-0.00160156
2020-01-15,0.01005033,1.02786825,0.00000000
2020-01-16,0.00499552,1.03300299,0.00000000
2020-01-17,-0.00391190,1.02896199,-0.00391190
2020-01-21,0.00209679,1.03111951,-0.00182331
2020-01-22,0.00122549,1.03238314,-0.00060005
2020-01-23,-0.00606378,1.02612300,-0.00666019
2020-01-24,-0.01749023,1.00817587,-0.02403393
2020-01-27,0.01226436,1.02054050,-0.01206434
2020-01-28,-0.00153623,1.01897272,-0.01358203
2020-01-29,0.00226176,1.02127739,-0.01135099
2020-01-30,-0.01584624,1.00509399,-0.02701736
2020-01-31,0.00827091,1.01340703,-0.01896990
2020-02-03,0.01613748,1.02976087,-0.00313855
2020-02-04,0.01304002,1.04318896,0.00000000
2020-02-05,-0.00028009,1.04289677,-0.00028009
2020-02-06,-0.00601994,1.03661860,-0.00629835
2020-02-07,0.00497810,1.04177899,-0.00135160
2020-02-10,0.00895729,1.05111050,0.00000000
2020-02-11,0.00238602,1.05361848,0.00000000
2020-02-12,0.00053136,1.05417833,0.00000000
2020-02-13,0.00001717,1.05419643,0.00000000
2020-02-14,-0.00450564,1.04944660,-0.00450564
2020-02-18,0.00517976,1.05488248,0.00000000
2020-02-19,-0.00374139,1.05093575,-0.00374139
2020-02-20,-0.01158927,1.03875617,-0.01528730
2020-02-21,-0.03447152,1.00294867,-0.04923184
2020-02-24,-0.03116280,0.97169399,-0.07886043
2020-02-25,-0.00613191,0.96573565,-0.08450878
2020-02-26,-0.03757204,0.92945098,-0.11890566
2020-02-27,-0.01899679,0.91179440,-0.13564362
2020-02-28,0.04960395,0.95702301,-0.09276812
2020-03-02,-0.02823883,0.92999780,-0.11838729
2020-03-03,0.03869600,0.96598500,-0.08427240
2020-03-04,-0.03054860,0.93647551,-0.11224660
2020-03-05,-0.02089581,0.91690710,-0.13079692
2020-03-06,-0.09902821,0.82610743,-0.21687254
2020-03-09,0.04808265,0.86582886,-0.17921770
2020-03-10,-0.05714053,0.81635494,-0.22611764
2020-03-11,-0.09881407,0.73568758,-0.30258811
2020-03-12,0.09524217,0.80575606,-0.23616509
2020-03-13,-0.12994481,0.70105225,-0.33542147
2020-03-16,0.05621086,0.74045900,-0.29806494
2020-03-17,-0.06482680,0.69245741,-0.34356914
2020-03-18,0.01263122,0.70120399,-0.33527762
2020-03-19,-0.03875473,0.67402902,-0.36103876
2020-03-20,-0.03545247,0.65013302,-0.38369152
2020-03-23,0.10794547,0.72031193,-0.31716381
2020-03-24,0.03515419,0.74563391,-0.29315926
2020-03-25,0.05956667,0.79004884,-0.25105511
2020-03-26,-0.03543409,0.76205418,-0.27759329
2020-03-27,0.03132362,0.78592448,-0.25496489
2020-03-30,-0.02828424,0.76369520,-0.27603764
2020-03-31,-0.05670447,0.72039027,-0.31708954
2020-04-01,0.01806328,0.73340289,-0.30475394
2020-04-02,-0.01140338,0.72503962,-0.31268209
2020-04-03,0.08375997,0.78576891,-0.25511237
2020-04-06,0.00493748,0.78964863,-0.25143450
2020-04-07,0.04992666,0.82907315,-0.21406112
2020-04-08,0.02951489,0.85354315,-0.19086423
2020-04-09,-0.02098502,0.83563152,-0.20784396
2020-04-13,0.02269911,0.85459962,-0.18986272
2020-04-14,-0.03722031,0.82279116,-0.22001628
2020-04-15,0.00069934,0.82336656,-0.21947081
2020-04-16,0.03911879,0.85557567,-0.18893745
2020-04-17,-0.02041984,0.83810495,-0.20549922
2020-04-20,-0.03409059,0.80953345,-0.23258422
2020-04-21,0.02499024,0.82976389,-0.21340632
2020-04-22,0.00016546,0.82990118,-0.21327617
2020-04-23,0.01610051,0.84326301,-0.20060952
2020-04-24,0.01980119,0.85996063,-0.18478063
2020-04-27,0.00208422,0.86175298,-0.18308153
2020-04-28,0.03472599,0.89167820,-0.15471323
2020-04-29,-0.02212911,0.87194615,-0.17341868
2020-04-30,-0.03215428,0.84390935,-0.19999681
2020-05-01,0.00593751,0.84892007,-0.19524678
2020-05-04,0.01150027,0.85868288,-0.18599190
2020-05-05,-0.01019292,0.84993039,-0.19428902
2020-05-06,0.01902166,0.86609747,-0.17896307
2020-05-07,0.02249518,0.88558049,-0.16049369
2020-05-08,-0.00354346,0.88244248,-0.16346845
2020-05-11,-0.02354504,0.86166533,-0.18316462
2020-05-12,-0.03208944,0.83401498,-0.20937641
2020-05-13,0.01026795,0.84257860,-0.20125832
2020-05-14,0.00135490,0.84372021,-0.20017610
2020-05-15,0.04788966,0.88412568,-0.16187281
2020-05-18,-0.01321089,0.87244560,-0.17294522
2020-05-19,0.02264143,0.89219902,-0.15421951
2020-05-20,-0.00690682,0.88603676,-0.16006116
2020-05-21,0.00664495,0.89192443,-0.15447981
2020-05-22,0.02295709,0.91240043,-0.13506912
2020-05-26,0.01663795,0.92758090,-0.12067845
2020-05-27,-0.00304719,0.92475438,-0.12335791
2020-05-28,-0.00101097,0.92381949,-0.12424416
2020-05-29,0.01178605,0.93470767,-0.11392246
2020-06-01,0.01311156,0.94696314,-0.10230460
2020-06-02,0.02344239,0.96916222,-0.08126048
2020-06-03,0.00106549,0.97019486,-0.08028157
2020-06-04,0.03800004,1.00706230,-0.04533223
2020-06-05,0.01493441,1.02210218,-0.03107483
2020-06-08,-0.01912631,1.00255314,-0.04960680
2020-06-09,-0.01399395,0.98852346,-0.06290655
2020-06-10,-0.06613377,0.92314868,-0.12488007
2020-06-11,0.02213908,0.94358634,-0.10550572
2020-06-12,0.01175981,0.95468273,-0.09498664
2020-06-15,0.01840948,0.97225794,-0.07832582
2020-06-16,-0.00562484,0.96678915,-0.08351009
2020-06-17,0.00221065,0.96892638,-0.08148405
2020-06-18,-0.00829122,0.96089279,-0.08909967
2020-06-19,0.00439520,0.96511611,-0.08509609
2020-06-22,0.00166236,0.96672048,-0.08357518
2020-06-23,-0.02829528,0.93936686,-0.10950568
2020-06-24,0.01452326,0.95300953,-0.09657280
2020-06-25,-0.01933035,0.93458751,-0.11403636
2020-06-26,0.01348429,0.94718976,-0.10208977
2020-06-29,0.01734704,0.96362071,-0.08651368
2020-06-30,-0.00284185,0.96088224,-0.08910968
2020-07-01,0.00595161,0.96660104,-0.08368841
2020-07-02,0.01328770,0.97944494,-0.07151274
2020-07-06,-0.01659183,0.96319416,-0.08691804
2020-07-07,0.00652475,0.96947876,-0.08096041
2020-07-08,-0.01243823,0.95742016,-0.09239163
2020-07-09,0.01387060,0.97070015,-0.07980256
2020-07-10,-0.00654848,0.96434354,-0.08582846
2020-07-13,0.01936960,0.98302249,-0.06812132
2020-07-14,0.01353139,0.99632415,-0.05551171
2020-07-15,0.00044225,0.99676477,-0.05509401
2020-07-16,0.00573485,1.00248107,-0.04967511
2020-07-17,0.00206046,1.00454665,-0.04771700
2020-07-20,0.00830343,1.01288783,-0.03980979
2020-07-21,0.00635318,1.01932289,-0.03370953
2020-07-22,-0.00720421,1.01197947,-0.04067089
2020-07-23,-0.00773767,1.00414911,-0.04809386
2020-07-24,0.00344778,1.00761119,-0.04481190
2020-07-27,-0.00579087,1.00177625,-0.05034327
2020-07-28,0.01168766,1.01348466,-0.03924401
2020-07-29,-0.00649727,1.00689977,-0.04548630
2020-07-30,0.00365154,1.01057651,-0.04200086
2020-07-31,0.00378605,1.01440260,-0.03837382
2020-08-03,-0.00026666,1.01413210,-0.03863025
2020-08-04,0.00773764,1.02197909,-0.03119152
2020-08-05,0.00221067,1.02423834,-0.02904981
2020-08-06,0.00705321,1.03146251,-0.02220149
2020-08-07,0.00495555,1.03657397,-0.01735597
2020-08-10,-0.00673994,1.02958752,-0.02397893
2020-08-11,0.00790089,1.03772218,-0.01626750
2020-08-12,0.00008839,1.03781390,-0.01618055
2020-08-13,-0.00108135,1.03669165,-0.01724441
2020-08-14,-0.00134414,1.03529820,-0.01856537
2020-08-17,-0.00170875,1.03352913,-0.02024239
2020-08-18,-0.00275030,1.03068662,-0.02293702
2020-08-19,-0.00228334,1.02833321,-0.02516798
2020-08-20,-0.00282728,1.02542583,-0.02792410
2020-08-21,0.00826582,1.03390182,-0.01988909
2020-08-24,0.00130723,1.03525337,-0.01860786
2020-08-25,0.00258584,1.03793037,-0.01607014
2020-08-26,0.00680862,1.04499724,-0.00937093
2020-08-27,0.00443003,1.04962661,-0.00498242
2020-08-28,-0.00569160,1.04365256,-0.01064566
2020-08-31,0.00848062,1.05250338,-0.00225532
2020-09-01,0.01752611,1.07094967,0.00000000
2020-09-02,-0.02739044,1.04161588,-0.02739044
2020-09-03,-0.00293359,1.03856021,-0.03024368
2020-09-04,-0.03043891,1.00694756,-0.05976201
2020-09-08,0.01794593,1.02501817,-0.04288857
2020-09-09,-0.01604461,1.00857215,-0.05824505
2020-09-10,0.00235709,1.01094945,-0.05602524
2020-09-11,0.01497345,1.02608685,-0.04189068
2020-09-14,0.00457587,1.03078210,-0.03750650
2020-09-15,0.00222807,1.03307875,-0.03536200
2020-09-16,-0.00523919,1.02766626,-0.04041592
2020-09-17,-0.00722860,1.02023766,-0.04735237
2020-09-18,-0.01555423,1.00436865,-0.06217007
2020-09-21,0.00865824,1.01306471,-0.05405012
2020-09-22,-0.02573133,0.98699721,-0.07839067
2020-09-23,-0.00120747,0.98580544,-0.07950349
2020-09-24,0.01013126,0.99579289,-0.07017769
2020-09-25,0.01962258,1.01533291,-0.05193218
2020-09-28,-0.00269006,1.01260161,-0.05448254
2020-09-29,0.00676025,1.01944705,-0.04809061
2020-09-30,0.00365719,1.02317536,-0.04460930
2020-10-01,-0.00128490,1.02186068,-0.04583688
2020-10-02,0.01779651,1.04004623,-0.02885611
2020-10-05,-0.01098993,1.02861619,-0.03952891
2020-10-06,0.01350347,1.04250608,-0.02655922
2020-10-07,0.01319155,1.05625834,-0.01371803
2020-10-08,0.00233157,1.05872109,-0.01141844
2020-10-09,0.00857499,1.06779961,-0.00294137
2020-10-12,-0.01344796,1.05343988,-0.01634978
2020-10-13,-0.00267032,1.05062685,-0.01897644
2020-10-14,0.00550041,1.05640573,-0.01358041
2020-10-15,-0.00090370,1.05545106,-0.01447184
2020-10-16,-0.01447625,1.04017209,-0.02873859
2020-10-19,0.00760204,1.04807951,-0.02135502
2020-10-20,-0.00129077,1.04672668,-0.02261823
2020-10-21,0.01198553,1.05927226,-0.01090379
2020-10-22,0.00233699,1.06174777,-0.00859228
2020-10-23,-0.02040422,1.04008363,-0.02882118
2020-10-26,-0.00914856,1.03056837,-0.03770607
2020-10-27,-0.02628580,1.00347906,-0.06300073
2020-10-28,0.01143369,1.01495253,-0.05228737
2020-10-29,-0.01032260,1.00447558,-0.06207022
2020-10-30,0.02447420,1.02905931,-0.03911515
2020-11-02,0.01535264,1.04485809,-0.02436303
2020-11-03,0.00962854,1.05491855,-0.01496907
2020-11-04,0.01989277,1.07590380,0.00000000
2020-11-05,0.00004711,1.07595449,0.00000000
2020-11-06,0.03208005,1.11047117,0.00000000
2020-11-09,0.00181019,1.11248132,0.00000000
2020-11-10,0.00022256,1.11272892,0.00000000
2020-11-11,-0.01430704,1.09680906,-0.01430704
2020-11-12,0.01964503,1.11835591,0.00000000
2020-11-13,0.01680659,1.13715166,0.00000000
2020-11-16,-0.00259945,1.13419569,-0.00259945
2020-11-17,-0.01101368,1.12170402,-0.01358450
2020-11-18,0.00287321,1.12492691,-0.01075032
2020-11-19,-0.00709697,1.11694334,-0.01777099
2020-11-20,0.01312503,1.13160326,-0.00487921
2020-11-23,0.02134571,1.15575814,0.00000000
2020-11-24,-0.00492371,1.15006752,-0.00492371
2020-11-25,0.00027167,1.15037996,-0.00465338
2020-11-27,-0.01041215,1.13840203,-0.01501708
2020-11-30,0.01140904,1.15139010,-0.00377937
2020-12-01,0.00151113,1.15313000,-0.00227395
2020-12-02,0.00166601,1.15505113,-0.00061172
2020-12-03,0.01473890,1.17207532,0.00000000
2020-12-04,-0.00702124,1.16384590,-0.00702124
2020-12-07,0.00489894,1.16954750,-0.00215670
2020-12-08,-0.00606259,1.16245702,-0.00820621
2020-12-09,0.00205554,1.16484650,-0.00616754
2020-12-10,-0.00351987,1.16074639,-0.00966570
2020-12-11,-0.00489216,1.15506783,-0.01451058
2020-12-14,0.01538695,1.17284080,0.00000000
2020-12-15,0.00070756,1.17367065,0.00000000
2020-12-16,0.00742353,1.18238342,0.00000000
2020-12-17,-0.00474501,1.17677300,-0.00474501
2020-12-18,-0.00641555,1.16922335,-0.01113012
2020-12-21,-0.00147596,1.16749763,-0.01258965
2020-12-22,0.00235173,1.17024326,-0.01026753
2020-12-23,0.00382744,1.17472230,-0.00647939
2020-12-24,0.00209209,1.17717993,-0.00440085
2020-12-28,-0.00349090,1.17307051,-0.00787639
2020-12-29,0.00475641,1.17865011,-0.00315744
2020-12-30,0.00926693,1.18957258,0.00000000
2020-12-31,-0.01851052,1.16755296,-0.01851052
2021-01-04,0.01130798,1.18075563,-0.00741186
2021-01-05,0.01590831,1.19953945,0.00000000
2021-01-06,0.00880083,1.21009640,0.00000000
2021-01-07,0.00267652,1.21333525,0.00000000
2021-01-08,-0.00488216,1.20741155,-0.00488216
2021-01-11,0.00992380,1.21939365,0.00000000
2021-01-12,-0.00102533,1.21814337,-0.00102533
2021-01-13,0.00236042,1.22101871,0.00000000
2021-01-14,-0.00443605,1.21560221,-0.00443605
2021-01-15,0.00901249,1.22655782,0.00000000
2021-01-19,0.00668649,1.23475918,0.00000000
2021-01-20,-0.00604888,1.22729027,-0.00604888
2021-01-21,-0.00689980,1.21882221,-0.01290694
2021-01-22,-0.00205754,1.21631444,-0.01493793
2021-01-25,-0.00465555,1.21065182,-0.01952394
2021-01-26,-0.02532132,1.17999652,-0.04435089
2021-01-27,0.01412862,1.19666823,-0.03084889
2021-01-28,-0.01930724,1.17356388,-0.04956051
2021-01-29,0.01775120,1.19439604,-0.03268907
2021-02-01,0.01566616,1.21310764,-0.01753503
2021-02-02,-0.00193126,1.21076482,-0.01943242
2021-02-03,0.01373900,1.22739952,-0.00596040
2021-02-04,0.00745544,1.23655032,0.00000000
2021-02-05,0.01192649,1.25129803,0.00000000
2021-02-08,0.00049854,1.25192185,0.00000000
2021-02-09,-0.00063716,1.25112417,-0.00063716
2021-02-10,0.00154171,1.25305305,0.00000000
2021-02-11,0.00574350,1.26024996,0.00000000
2021-02-12,-0.00229055,1.25736329,-0.00229055
2021-02-16,-0.00045682,1.25678891,-0.00274632
2021-02-17,-0.00915265,1.24528595,-0.01187384
2021-02-18,0.00622565,1.25303867,-0.00572211
2021-02-19,-0.00407773,1.24792912,-0.00977650
2021-02-22,0.00211370,1.25056687,-0.00768346
2021-02-23,0.01325096,1.26713809,0.00000000
2021-02-24,-0.02333524,1.23756911,-0.02333524
2021-02-25,-0.00610679,1.23001153,-0.02929953
2021-02-26,0.01954831,1.25405618,-0.01032398
2021-03-01,-0.00432409,1.24863352,-0.01460343
2021-03-02,-0.00867330,1.23780375,-0.02315007
2021-03-03,-0.01567841,1.21839695,-0.03846553
2021-03-04,0.02240980,1.24570098,-0.01691773
2021-03-05,-0.00422666,1.24043583,-0.02107288
2021-03-08,0.00651633,1.24851892,-0.01469387
2021-03-09,0.00472204,1.25441448,-0.01004121
2021-03-10,0.01254486,1.27015094,0.00000000
2021-03-11,0.00109294,1.27153913,0.00000000
2021-03-12,0.01202748,1.28683255,0.00000000
2021-03-15,-0.00502273,1.28036913,-0.00502273
2021-03-16,0.00161017,1.28243075,-0.00342065
2021-03-17,-0.01158888,1.26756881,-0.01496989
2021-03-18,-0.00158189,1.26556365,-0.01652810
2021-03-19,0.00439946,1.27113145,-0.01220135
2021-03-22,-0.00914493,1.25950704,-0.02123470
2021-03-23,0.00072051,1.26041453,-0.02052949
2021-03-24,0.00911523,1.27190350,-0.01160140
2021-03-25,0.02078403,1.29833877,0.00000000
2021-03-26,-0.00310594,1.29430621,-0.00310594
2021-03-29,-0.00112483,1.29285033,-0.00422728
2021-03-30,0.00092067,1.29404062,-0.00331050
2021-03-31,0.01336361,1.31133367,0.00000000
2021-04-01,0.00786107,1.32164215,0.00000000
2021-04-05,0.00086875,1.32279033,0.00000000
2021-04-06,-0.00243019,1.31957569,-0.00243019
2021-04-07,0.00202424,1.32224683,-0.00041087
2021-04-08,0.00662299,1.33100406,0.00000000
2021-04-09,0.00219905,1.33393101,0.00000000
2021-04-12,0.00155054,1.33599932,0.00000000
2021-04-13,0.00275403,1.33967871,0.00000000
2021-04-14,0.00904698,1.35179875,0.00000000
2021-04-15,0.00310761,1.35599961,0.00000000
2021-04-16,-0.00593074,1.34795753,-0.00593074
2021-04-19,-0.00660652,1.33905221,-0.01249809
2021-04-20,0.01059734,1.35324261,-0.00203319
2021-04-21,-0.00381956,1.34807382,-0.00584499
2021-04-22,0.00960753,1.36102547,0.00000000
2021-04-23,0.00331776,1.36554103,0.00000000
2021-04-26,0.00415254,1.37121149,0.00000000
2021-04-27,-0.00207528,1.36836584,-0.00207528
2021-04-28,0.00679438,1.37766304,0.00000000
2021-04-29,-0.00628339,1.36900665,-0.00628339
2021-04-30,0.00462367,1.37533647,-0.00168878
2021-05-03,-0.00617549,1.36684309,-0.00785384
2021-05-04,0.00404401,1.37237061,-0.00384160
2021-05-05,0.00631341,1.38103495,0.00000000
2021-05-06,0.00686283,1.39051276,0.00000000
2021-05-07,-0.00722115,1.38047167,-0.00722115
2021-05-10,-0.01017880,1.36642012,-0.01732644
2021-05-11,-0.02203384,1.33631264,-0.03897852
2021-05-12,0.01150844,1.35169151,-0.02791866
2021-05-13,0.01982222,1.37848504,-0.00864985
2021-05-14,-0.00023003,1.37816795,-0.00887789
2021-05-17,-0.00807522,1.36703893,-0.01688142
2021-05-18,-0.00259533,1.36349101,-0.01943294
2021-05-19,0.01056119,1.37789110,-0.00907698
2021-05-20,0.00133577,1.37973165,-0.00775333
2021-05-21,0.00740492,1.38994845,-0.00040583
2021-05-24,-0.00563644,1.38211408,-0.00603999
2021-05-25,0.00181557,1.38462340,-0.00423539
2021-05-26,0.00591307,1.39281078,0.00000000
2021-05-27,0.00327035,1.39736576,0.00000000
2021-05-28,0.00252088,1.40088835,0.00000000
2021-06-01,0.00162680,1.40316731,0.00000000
2021-06-02,-0.00268340,1.39940205,-0.00268340
2021-06-03,0.00932871,1.41245666,0.00000000
2021-06-04,-0.00141300,1.41046086,-0.00141300
2021-06-07,0.00001554,1.41048277,-0.00139749
2021-06-08,-0.00236214,1.40715101,-0.00375632
2021-06-09,0.00501752,1.41421142,0.00000000
2021-06-10,0.00362836,1.41934269,0.00000000
2021-06-11,-0.00150548,1.41720590,-0.00150548
2021-06-14,0.00142967,1.41923204,-0.00007796
2021-06-15,-0.00603607,1.41066545,-0.00611356
2021-06-16,-0.00842847,1.39877571,-0.01449050
2021-06-17,-0.01786393,1.37378807,-0.03209557
2021-06-18,0.01756949,1.39792483,-0.01508999
2021-06-21,-0.00079175,1.39681801,-0.01586980
2021-06-22,-0.00055894,1.39603727,-0.01641987
2021-06-23,0.00728864,1.40621248,-0.00925091
2021-06-24,0.00783519,1.41723043,-0.00148820
2021-06-25,-0.00136292,1.41529886,-0.00284909
2021-06-28,0.00195742,1.41806919,-0.00089725
2021-06-29,-0.00234862,1.41473868,-0.00324376
2021-06-30,0.00441682,1.42098733,0.00000000
2021-07-01,0.00414068,1.42687118,0.00000000
2021-07-02,-0.00748384,1.41619270,-0.00748384
2021-07-06,0.00450951,1.42257904,-0.00300808
2021-07-07,-0.01302304,1.40405274,-0.01599194
2021-07-08,0.01376130,1.42337433,-0.00245071
2021-07-09,0.00186639,1.42603090,-0.00058890
2021-07-12,-0.00700502,1.41604153,-0.00758979
2021-07-13,-0.00298558,1.41181382,-0.01055271
2021-07-14,-0.00178268,1.40929701,-0.01231658
2021-07-15,-0.00947851,1.39593898,-0.02167834
2021-07-16,-0.01854746,1.37004785,-0.03982372
2021-07-19,0.01704256,1.39339697,-0.02345987
2021-07-20,0.00818438,1.40480106,-0.01546749
2021-07-21,-0.00146712,1.40274004,-0.01691193
2021-07-22,0.01001486,1.41678828,-0.00706644
2021-07-23,0.00520241,1.42415899,-0.00190079
2021-07-26,0.00010063,1.42430231,-0.00180035
2021-07-27,0.00164802,1.42664958,-0.00015530
2021-07-28,0.01029815,1.44134144,0.00000000
2021-07-29,-0.00533719,1.43364872,-0.00533719
2021-07-30,-0.00050612,1.43292312,-0.00584061
2021-08-02,0.01032508,1.44771816,0.00000000
2021-08-03,-0.00836430,1.43560902,-0.00836430
2021-08-04,0.00812374,1.44727152,-0.00030851
2021-08-05,0.00237867,1.45071410,0.00000000
2021-08-06,-0.00334413,1.44586272,-0.00334413
2021-08-09,0.00380564,1.45136516,0.00000000
2021-08-10,0.00478958,1.45831659,0.00000000
2021-08-11,0.00042887,1.45894202,0.00000000
2021-08-12,0.00001757,1.45896765,0.00000000
2021-08-13,0.00237481,1.46243242,0.00000000
2021-08-16,-0.00386998,1.45677284,-0.00386998
2021-08-17,-0.01151430,1.43999911,-0.01533973
2021-08-18,0.00038400,1.44055208,-0.01496161
2021-08-19,0.00739652,1.45120715,-0.00767576
2021-08-20,0.00945441,1.46492745,0.00000000
2021-08-23,0.00403683,1.47084111,0.00000000
2021-08-24,0.00532293,1.47867029,0.00000000
2021-08-25,-0.00918991,1.46508145,-0.00918991
2021-08-26,0.01214162,1.48286991,0.00000000
2021-08-27,0.00051121,1.48362796,0.00000000
2021-08-30,0.00064633,1.48458687,0.00000000
2021-08-31,0.00030064,1.48503320,0.00000000
2021-09-01,0.00642188,1.49456991,0.00000000
2021-09-02,-0.00062233,1.49363978,-0.00062233
2021-09-03,-0.01007043,1.47859820,-0.01068649
2021-09-07,0.00019454,1.47888584,-0.01049403
2021-09-08,-0.00329944,1.47400633,-0.01375886
2021-09-09,-0.00465579,1.46714367,-0.01835059
2021-09-10,0.00395748,1.47294987,-0.01446572
2021-09-13,-0.00612057,1.46393458,-0.02049775
2021-09-14,0.00884554,1.47688387,-0.01183353
2021-09-15,-0.00201973,1.47390096,-0.01382936
2021-09-16,-0.00918126,1.46036870,-0.02288365
2021-09-17,-0.02039829,1.43057968,-0.04281514
2021-09-20,-0.00009442,1.43044461,-0.04290552
2021-09-21,0.00877593,1.44299810,-0.03450612
2021-09-22,0.01460601,1.46407454,-0.02040411
2021-09-23,0.00131974,1.46600673,-0.01911130
2021-09-24,-0.00170595,1.46350580,-0.02078465
2021-09-27,-0.02337485,1.42929657,-0.04367366
2021-09-28,0.00160757,1.43159425,-0.04213630
2021-09-29,-0.01294063,1.41306852,-0.05453166
2021-09-30,0.00896977,1.42574342,-0.04605103
2021-10-01,-0.01263328,1.40773160,-0.05810254
2021-10-04,0.01588830,1.43009806,-0.04313739
2021-10-05,0.00399839,1.43581615,-0.03931148
2021-10-06,0.01343728,1.45510961,-0.02640244
2021-10-07,0.00145820,1.45723145,-0.02498274
2021-10-08,-0.00372109,1.45180896,-0.02861087
2021-10-11,0.00063356,1.45272877,-0.02799544
2021-10-12,0.00301651,1.45711094,-0.02506337
2021-10-13,0.02210905,1.48932628,-0.00350845
2021-10-14,0.00465989,1.49626638,0.00000000
2021-10-15,0.00035022,1.49679040,0.00000000
2021-10-18,0.01174329,1.51436765,0.00000000
2021-10-19,0.00907976,1.52811774,0.00000000
2021-10-20,0.00235269,1.53171294,0.00000000
2021-10-21,0.00727082,1.54284974,0.00000000
2021-10-22,0.00090757,1.54424999,0.00000000
2021-10-25,-0.00145293,1.54200630,-0.00145293
2021-10-26,-0.01062285,1.52562580,-0.01206034
2021-10-27,0.01333873,1.54597572,0.00000000
2021-10-28,-0.00446987,1.53906541,-0.00446987
2021-10-29,0.00403961,1.54528264,-0.00044831
2021-11-01,0.00932084,1.55968597,0.00000000
2021-11-02,0.00600210,1.56904736,0.00000000
2021-11-03,-0.00011400,1.56886848,-0.00011400
2021-11-04,0.00609984,1.57843834,0.00000000
2021-11-05,0.00126939,1.58044200,0.00000000
2021-11-08,0.00077449,1.58166603,0.00000000
2021-11-09,-0.01018819,1.56555172,-0.01018819
2021-11-10,0.00854171,1.57892421,-0.00173350
2021-11-11,0.00739624,1.59060231,0.00000000
2021-11-12,-0.00251787,1.58659738,-0.00251787
2021-11-15,0.00471058,1.59407118,0.00000000
2021-11-16,-0.00711407,1.58273084,-0.00711407
2021-11-17,-0.00391388,1.57653622,-0.01100011
2021-11-18,-0.00293643,1.57190684,-0.01390424
2021-11-19,-0.00154894,1.56947205,-0.01543164
2021-11-22,0.00121381,1.57137709,-0.01423656
2021-11-23,-0.00223582,1.56786378,-0.01644054
2021-11-24,-0.02613313,1.52689060,-0.04214403
2021-11-26,0.01040596,1.54277936,-0.03217662
2021-11-29,-0.02321904,1.50695751,-0.05464855
2021-11-30,-0.00950381,1.49263567,-0.06363299
2021-12-01,0.02180422,1.52518143,-0.04321623
2021-12-02,-0.00798869,1.51299723,-0.05085968
2021-12-03,0.01386348,1.53397264,-0.03770129
2021-12-06,0.02152973,1.56699865,-0.01698326
2021-12-07,0.00153462,1.56940340,-0.01547470
2021-12-08,-0.01040065,1.55308058,-0.02571441
2021-12-09,0.00638419,1.56299574,-0.01949439
2021-12-10,-0.00768329,1.55098678,-0.02702790
2021-12-13,-0.00836566,1.53801176,-0.03516745
2021-12-14,0.01645274,1.56331627,-0.01929331
2021-12-15,-0.00657390,1.55303918,-0.02574038
2021-12-16,-0.00764899,1.54116001,-0.03319248
2021-12-17,-0.01515139,1.51780929,-0.04784096
2021-12-20,0.02161872,1.55062238,-0.02725650
2021-12-21,0.00953701,1.56541067,-0.01797944
2021-12-22,0.00730269,1.57684239,-0.01080805
2021-12-23,0.01682341,1.60337024,0.00000000
2021-12-27,-0.00040282,1.60272437,-0.00040282
2021-12-28,0.00277549,1.60717272,0.00000000
2021-12-29,-0.00281138,1.60265435,-0.00281138
2021-12-30,0.00043063,1.60334450,-0.00238196
2021-12-31,-0.00205031,1.60005715,-0.00442738
2022-01-03,0.00567987,1.60914526,0.00000000
2022-01-04,-0.02308527,1.57199770,-0.02308527
2022-01-05,0.00011636,1.57218062,-0.02297160
2022-01-06,-0.00445314,1.56517948,-0.02732245
2022-01-07,-0.00174829,1.56244309,-0.02902297
2022-01-10,0.01369359,1.58383855,-0.01572680
2022-01-11,0.00248120,1.58776837,-0.01328463
2022-01-12,-0.01301770,1.56709928,-0.02612939
2022-01-13,-0.00273190,1.56281812,-0.02878990
2022-01-14,-0.01817114,1.53441994,-0.04643790
2022-01-18,-0.01069249,1.51801317,-0.05663385
2022-01-19,-0.01033111,1.50233042,-0.06637987
2022-01-20,-0.01671039,1.47722589,-0.08198102
2022-01-21,0.00768659,1.48858072,-0.07492459
2022-01-24,-0.00984322,1.47392830,-0.08403030
2022-01-25,-0.00512597,1.46637298,-0.08872554
2022-01-26,-0.00534375,1.45853705,-0.09359516
2022-01-27,0.02019582,1.48799341,-0.07528957
2022-01-28,0.02146990,1.51994048,-0.05543613
2022-01-31,0.00533278,1.52804599,-0.05039898
2022-02-01,0.00524722,1.53606398,-0.04541621
2022-02-02,-0.01809646,1.50826665,-0.06269080
2022-02-03,0.00761700,1.51975512,-0.05555132
2022-02-04,-0.00130257,1.51777552,-0.05678153
2022-02-07,0.01069394,1.53400652,-0.04669482
2022-02-08,0.01871183,1.56271059,-0.02885673
2022-02-09,-0.02201875,1.52830166,-0.05024009
2022-02-10,-0.02129772,1.49575233,-0.07046780
2022-02-11,-0.00603955,1.48671866,-0.07608176
2022-02-14,0.01728840,1.51242165,-0.06010869
2022-02-15,-0.00102813,1.51086669,-0.06107502
2022-02-16,-0.02029307,1.48020657,-0.08012868
2022-02-17,-0.00434346,1.47377735,-0.08412411
2022-02-18,-0.01139251,1.45698734,-0.09455823
2022-02-22,-0.01840011,1.43017861,-0.11121846
2022-02-23,0.01364196,1.44968905,-0.09909373
2022-02-24,0.02577626,1.48705661,-0.07587174
2022-02-25,-0.00407857,1.48099155,-0.07964086
2022-02-28,-0.01964475,1.45189783,-0.09772109
2022-03-01,0.02119154,1.48266579,-0.07860041
2022-03-02,-0.00217801,1.47943654,-0.08060722
2022-03-03,-0.00864528,1.46664639,-0.08855563
2022-03-04,-0.03117236,1.42092756,-0.11696750
2022-03-07,-0.00886432,1.40833201,-0.12479498
2022-03-08,0.02890937,1.44904599,-0.09949336
2022-03-09,-0.00452425,1.44249015,-0.10356748
2022-03-10,-0.01032511,1.42759628,-0.11282324
2022-03-11,-0.00715301,1.41738467,-0.11916922
2022-03-14,0.01908064,1.44442927,-0.10236241
2022-03-15,0.02323225,1.47798662,-0.08150827
2022-03-16,0.01539491,1.50074009,-0.06736817
2022-03-17,0.00974275,1.51536141,-0.05828178
2022-03-18,0.00179057,1.51807477,-0.05659557
2022-03-21,0.01055797,1.53410256,-0.04663513
2022-03-22,-0.01712231,1.50783518,-0.06295894
2022-03-23,0.01662372,1.53290101,-0.04738183
2022-03-24,0.00733820,1.54414974,-0.04039133
2022-03-25,0.00338549,1.54937745,-0.03714259
2022-03-28,0.01627229,1.57458936,-0.02147469
2022-03-29,-0.00554092,1.56586468,-0.02689663
2022-03-30,-0.01103445,1.54858623,-0.03763429
2022-03-31,0.00761638,1.56038085,-0.03030455
2022-04-01,0.00423128,1.56698325,-0.02620150
2022-04-04,-0.01010097,1.55115520,-0.03603780
2022-04-05,-0.00801227,1.53872692,-0.04376133
2022-04-06,0.00164390,1.54125644,-0.04218937
2022-04-07,-0.00039468,1.54064814,-0.04256740
2022-04-08,-0.01386409,1.51928845,-0.05584133
2022-04-11,-0.00515174,1.51146148,-0.06070539
2022-04-12,0.01208746,1.52973120,-0.04935170
2022-04-13,-0.01047762,1.51370326,-0.05931224
2022-04-14,-0.00424802,1.50727301,-0.06330830
2022-04-18,0.01809732,1.53455062,-0.04635669
2022-04-19,0.00733721,1.54580994,-0.03935960
2022-04-20,-0.02053890,1.51406070,-0.05909010
2022-04-21,-0.02984703,1.46887049,-0.08717347
2022-04-22,0.00144281,1.47098978,-0.08585644
2022-04-25,-0.02722600,1.43094062,-0.11074491
2022-04-26,0.00450919,1.43739300,-0.10673509
2022-04-27,0.01336487,1.45660357,-0.09479672
2022-04-28,-0.03652741,1.40339761,-0.12786146
2022-04-29,0.00614199,1.41201725,-0.12250479
2022-05-02,0.00675373,1.42155364,-0.11657842
2022-05-03,0.03265124,1.46796913,-0.08773362
2022-05-04,-0.03647330,1.41442745,-0.12100699
2022-05-05,-0.00553601,1.40659716,-0.12587310
2022-05-06,-0.03704083,1.35449563,-0.15825149
2022-05-09,0.00053959,1.35522651,-0.15779728
2022-05-10,-0.01220737,1.33868276,-0.16807837
2022-05-11,0.00959934,1.35153322,-0.16009247
2022-05-12,0.02909582,1.39085720,-0.13565467
2022-05-13,-0.00681580,1.38137740,-0.14154587
2022-05-16,0.02237230,1.41228198,-0.12234028
2022-05-17,-0.03215391,1.36687159,-0.15056047
2022-05-18,-0.00147627,1.36485371,-0.15181448
2022-05-19,0.00070297,1.36581317,-0.15121823
2022-05-20,0.01530913,1.38672258,-0.13822412
2022-05-23,-0.00832667,1.37517580,-0.14539984
2022-05-24,0.01176085,1.39134903,-0.13534902
2022-05-25,0.02047026,1.41983030,-0.11764939
2022-05-26,0.03005201,1.46249905,-0.09113298
2022-05-27,-0.01213229,1.44475559,-0.10215962
2022-05-31,-0.00867811,1.43221785,-0.10995118
2022-06-01,0.02186771,1.46353716,-0.09048785
2022-06-02,-0.01315766,1.44428043,-0.10245491
2022-06-03,0.00822646,1.45616175,-0.09507129
2022-06-06,0.00842100,1.46842409,-0.08745088
2022-06-07,-0.01401174,1.44784892,-0.10023728
2022-06-08,-0.02487075,1.41183983,-0.12261505
2022-06-09,-0.03314714,1.36504137,-0.15169786
2022-06-10,-0.04138025,1.30855562,-0.18680081
2022-06-13,-0.00652559,1.30001652,-0.19210742
2022-06-14,0.01100545,1.31432379,-0.18321619
2022-06-15,-0.04138804,1.25992650,-0.21702128
2022-06-16,0.00841112,1.27052389,-0.21043555
2022-06-17,0.01933177,1.29508537,-0.19517187
2022-06-21,0.00029424,1.29546643,-0.19493506
2022-06-22,0.00963033,1.30794220,-0.18718202
2022-06-23,0.03367609,1.35198858,-0.15980949
2022-06-24,-0.00366082,1.34703919,-0.16288528
2022-06-27,-0.01668965,1.32455758,-0.17685642
2022-06-28,-0.00761328,1.31447336,-0.18312324
2022-06-29,-0.00520861,1.30762678,-0.18737804
2022-06-30,0.01209617,1.32344405,-0.17754843
2022-07-01,-0.00463598,1.31730859,-0.18136129
2022-07-05,0.00382544,1.32234788,-0.17822964
2022-07-06,0.01700662,1.34483655,-0.16425410
2022-07-07,-0.00461164,1.33863465,-0.16810826
2022-07-08,-0.01069173,1.32432233,-0.17700262
2022-07-11,-0.00975006,1.31141011,-0.18502689
2022-07-12,-0.00593815,1.30362277,-0.18986632
2022-07-13,-0.01365014,1.28582813,-0.20092477
2022-07-14,0.01987864,1.31138864,-0.18504024
2022-07-15,-0.00711829,1.30205380,-0.19084136
2022-07-18,0.03133879,1.34285859,-0.16548330
2022-07-19,0.00801807,1.35362572,-0.15879209
2022-07-20,0.00829494,1.36485396,-0.15181433
2022-07-21,-0.00659322,1.35585518,-0.15740660
2022-07-22,0.00257538,1.35934703,-0.15523660
2022-07-25,-0.00691621,1.34994549,-0.16107916
2022-07-26,0.02802690,1.38778028,-0.13756681
2022-07-27,0.01794079,1.41267815,-0.12209408
2022-07-28,0.01554107,1.43463269,-0.10845048
2022-07-29,-0.00656371,1.42521618,-0.11430235
2022-08-01,-0.00497188,1.41813018,-0.11870593
2022-08-02,0.01004463,1.43237477,-0.10985366
2022-08-03,0.00030838,1.43281649,-0.10957915
2022-08-04,0.00402184,1.43857906,-0.10599802
2022-08-05,0.00539699,1.44634305,-0.10117310
2022-08-08,-0.00722894,1.43588752,-0.10767066
2022-08-09,0.02706569,1.47475081,-0.08351916
2022-08-10,-0.00008298,1.47462843,-0.08359521
2022-08-11,0.01969578,1.50367238,-0.06554590
2022-08-12,-0.00094359,1.50225353,-0.06642765
2022-08-15,0.00107242,1.50386457,-0.06542647
2022-08-16,-0.00685622,1.49355374,-0.07183411
2022-08-17,0.00710678,1.50416811,-0.06523784
2022-08-18,-0.01667783,1.47908185,-0.08082764
2022-08-19,-0.02346313,1.44437797,-0.10239430
2022-08-22,-0.00103846,1.44287804,-0.10332642
2022-08-23,0.00588150,1.45136433,-0.09805263
2022-08-24,0.01492693,1.47302874,-0.08458933
2022-08-25,-0.03373291,1.42333920,-0.11546879
2022-08-26,-0.00762482,1.41248649,-0.12221319
2022-08-29,-0.01181726,1.39579478,-0.13258622
2022-08-30,-0.00621760,1.38711629,-0.13797944
2022-08-31,0.00226080,1.39025229,-0.13603059
2022-09-01,-0.00731870,1.38007746,-0.14235372
2022-09-02,-0.00203477,1.37726931,-0.14409883
2022-09-06,0.02316624,1.40917546,-0.12427082
2022-09-07,0.00937264,1.42238315,-0.11606293
2022-09-08,0.01366010,1.44181305,-0.10398826
2022-09-09,0.01050184,1.45695473,-0.09457849
2022-09-12,-0.03881628,1.40040116,-0.12972359
2022-09-13,0.00090794,1.40167265,-0.12893343
2022-09-14,-0.01509784,1.38051043,-0.14208465
2022-09-15,-0.01356794,1.36177974,-0.15372479
2022-09-16,0.01030672,1.37581522,-0.14500247
2022-09-19,-0.01765625,1.35152348,-0.16009852
2022-09-20,-0.01701558,1.32852652,-0.17438994
2022-09-21,-0.01454199,1.30920711,-0.18639595
2022-09-22,-0.01620056,1.28799721,-0.19957679
2022-09-23,-0.01611681,1.26723881,-0.21247706
2022-09-26,-0.00059921,1.26647946,-0.21294896
2022-09-27,0.02080683,1.29283088,-0.19657292
2022-09-28,-0.02040276,1.26645355,-0.21296505
2022-09-29,-0.01158308,1.25178413,-0.22208134
2022-09-30,0.03477321,1.29531268,-0.19503061
2022-10-03,0.03754924,1.34395069,-0.16480462
2022-10-04,-0.00345178,1.33931166,-0.16768754
2022-10-05,-0.00944932,1.32665608,-0.17555232
2022-10-06,-0.02871215,1.28856493,-0.19922399
2022-10-07,-0.00499519,1.28212830,-0.20322402
2022-10-10,-0.00595207,1.27449697,-0.20796649
2022-10-11,-0.00761521,1.26479142,-0.21399799
2022-10-12,0.02543228,1.29695795,-0.19400816
2022-10-13,-0.02677847,1.26222740,-0.21559139
2022-10-14,0.02740673,1.29682092,-0.19409332
2022-10-17,0.01364571,1.31451696,-0.18309615
2022-10-18,-0.00820218,1.30373506,-0.18979654
2022-10-19,-0.01799248,1.28027763,-0.20437411
2022-10-20,0.02348329,1.31034277,-0.18569019
2022-10-21,0.01484410,1.32979362,-0.17360250
2022-10-24,0.01986515,1.35621017,-0.15718599
2022-10-25,-0.00547608,1.34878345,-0.16180131
2022-10-26,0.00015646,1.34899448,-0.16167016
2022-10-27,0.02850570,1.38744851,-0.13777299
2022-10-28,-0.00605599,1.37904614,-0.14299462
2022-10-31,0.00275413,1.38284421,-0.14063432
2022-11-01,-0.02371128,1.35005521,-0.16101098
2022-11-02,-0.00646467,1.34132755,-0.16643477
2022-11-03,0.01810850,1.36561698,-0.15134015
2022-11-04,0.01119209,1.38090109,-0.14184187
2022-11-07,0.00673246,1.39019795,-0.13606436
2022-11-08,-0.02155486,1.36023243,-0.15468637
2022-11-09,0.06541373,1.44921030,-0.09939125
2022-11-10,0.00898155,1.46222645,-0.09130239
2022-11-11,-0.01604539,1.43876446,-0.10588280
2022-11-14,0.01294968,1.45739600,-0.09430426
2022-11-15,-0.00982770,1.44307316,-0.10320517
2022-11-16,-0.00530606,1.43541612,-0.10796362
2022-11-17,0.00580383,1.44374703,-0.10278639
2022-11-18,-0.00171626,1.44126918,-0.10432624
2022-11-21,0.01536446,1.46341351,-0.09056470
2022-11-22,0.00245886,1.46701184,-0.08832852
2022-11-23,0.00227270,1.47034592,-0.08625656
2022-11-25,-0.01960364,1.44152179,-0.10416926
2022-11-28,0.00162117,1.44385874,-0.10271697
2022-11-29,0.02854220,1.48506964,-0.07710654
2022-11-30,-0.00276508,1.48096331,-0.07965841
2022-12-01,-0.00258881,1.47712937,-0.08204100
2022-12-02,-0.01929503,1.44862812,-0.09975305
2022-12-05,-0.01279234,1.43009678,-0.11126931
2022-12-06,-0.00280106,1.42609100,-0.11375870
2022-12-07,0.00409531,1.43193128,-0.11012926
2022-12-08,-0.00629889,1.42291170,-0.11573446
2022-12-09,0.01640312,1.44625189,-0.10122975
2022-12-12,0.00949664,1.45998642,-0.09269446
2022-12-13,-0.00932163,1.44637697,-0.10115202
2022-12-14,-0.02113337,1.41581015,-0.12014771
2022-12-15,-0.01067913,1.40069053,-0.12954376
2022-12-16,-0.01050987,1.38596945,-0.13869215
2022-12-19,0.00687123,1.39549277,-0.13277390
2022-12-20,0.01706265,1.41930358,-0.11797672
2022-12-21,-0.01540469,1.39743965,-0.13156402
2022-12-22,0.00746735,1.40787482,-0.12507910
2022-12-23,-0.00222545,1.40474166,-0.12702620
2022-12-27,-0.01311533,1.38631801,-0.13847554
2022-12-28,0.02031598,1.41448241,-0.12097283
2022-12-29,-0.00434281,1.40833958,-0.12479028
2022-12-30,-0.00289182,1.40426691,-0.12732123
2023-01-03,0.00848943,1.41618834,-0.11991268
2023-01-04,-0.01949425,1.38858081,-0.13706932
2023-01-05,0.02506285,1.42338260,-0.11544182
2023-01-06,0.00465408,1.43000713,-0.11132502
2023-01-09,0.00563167,1.43806046,-0.10632030
2023-01-10,0.01459801,1.45905327,-0.09327436
2023-01-11,0.00221420,1.46228391,-0.09126669
2023-01-12,0.00593378,1.47096077,-0.08587447
2023-01-13,-0.00495499,1.46367218,-0.09040395
2023-01-17,-0.01512109,1.44153985,-0.10415804
2023-01-18,-0.01399581,1.42136434,-0.11669607
2023-01-19,0.01843954,1.44757364,-0.10040835
2023-01-20,0.01311690,1.46656132,-0.08860849
2023-01-23,-0.00040882,1.46596177,-0.08898109
2023-01-24,-0.00140028,1.46390901,-0.09025677
2023-01-25,0.00874410,1.47670957,-0.08230189
2023-01-26,0.00453639,1.48340851,-0.07813885
2023-01-27,-0.01089780,1.46724261,-0.08818511
2023-01-30,0.01920764,1.49542489,-0.07067129
2023-01-31,0.01121165,1.51219107,-0.06025198
2023-02-01,0.00948009,1.52652677,-0.05134309
2023-02-02,-0.01202468,1.50817077,-0.06275039
2023-02-03,-0.00571222,1.49955577,-0.06810416
2023-02-06,0.01087164,1.51585840,-0.05797293
2023-02-07,-0.00919118,1.50192587,-0.06663127
2023-02-08,-0.00364924,1.49644499,-0.07003735
2023-02-09,0.00378967,1.50211602,-0.06651310
2023-02-10,0.01133008,1.51913512,-0.05593662
2023-02-13,-0.00307803,1.51445917,-0.05884248
2023-02-14,0.00841740,1.52720698,-0.05092037
2023-02-15,-0.01458019,1.50494002,-0.06475813
2023-02-16,-0.00610826,1.49574746,-0.07047083
2023-02-17,-0.02125059,1.46396194,-0.09022387
2023-02-21,0.00044896,1.46461921,-0.08981542
2023-02-22,0.00233156,1.46803406,-0.08769327
2023-02-23,-0.01200408,1.45041166,-0.09864467
2023-02-24,-0.00146043,1.44829344,-0.09996103
2023-02-27,0.00123730,1.45008540,-0.09884742
2023-02-28,-0.00120516,1.44833782,-0.09993345
2023-03-01,0.00594889,1.45695382,-0.09457906
2023-03-02,0.01661789,1.48116531,-0.07953288
2023-03-03,-0.00327282,1.47631772,-0.08254540
2023-03-06,-0.01596585,1.45274704,-0.09719335
2023-03-07,0.00113246,1.45439221,-0.09617096
2023-03-08,-0.02178638,1.42270627,-0.11586213
2023-03-09,-0.02449055,1.38786341,-0.13751515
2023-03-10,-0.00792087,1.37687032,-0.14434678
2023-03-13,0.01701696,1.40030048,-0.12978616
2023-03-14,-0.01705179,1.37642284,-0.14462487
2023-03-15,0.02048167,1.40461428,-0.12710536
2023-03-16,-0.02120956,1.37482302,-0.14561907
2023-03-17,0.01735425,1.39868205,-0.13079193
2023-03-20,0.01863475,1.42474614,-0.11459445
2023-03-21,-0.02132368,1.39436532,-0.13347455
2023-03-22,0.00001566,1.39438715,-0.13346099
2023-03-23,0.00544353,1.40197754,-0.12874395
2023-03-24,0.00490724,1.40885738,-0.12446849
2023-03-27,0.00070245,1.40984702,-0.12385348
2023-03-28,0.01739543,1.43437192,-0.10861254
2023-03-29,0.00442759,1.44072273,-0.10466584
2023-03-30,0.01676187,1.46487194,-0.08965836
2023-03-31,0.00076813,1.46599715,-0.08895910
2023-04-03,-0.00770731,1.45469825,-0.09598078
2023-04-04,-0.00305926,1.45024795,-0.09874641
2023-04-05,0.00061539,1.45114043,-0.09819178
2023-04-06,0.00576898,1.45951203,-0.09298927
2023-04-10,0.00472975,1.46641516,-0.08869933
2023-04-11,-0.00290453,1.46215591,-0.09134623
2023-04-12,0.01062958,1.47769801,-0.08168762
2023-04-13,-0.00452169,1.47101632,-0.08583995
2023-04-14,0.00437098,1.47744610,-0.08184417
2023-04-17,0.00173005,1.48000216,-0.08025571
2023-04-18,0.00296192,1.48438581,-0.07753150
2023-04-19,-0.00603834,1.47542258,-0.08310168
2023-04-20,-0.00270517,1.47143131,-0.08558205
2023-04-21,0.00122109,1.47322805,-0.08446547
2023-04-24,-0.01998721,1.44378233,-0.10276445
2023-04-25,-0.00467294,1.43703562,-0.10695718
2023-04-26,0.01836813,1.46343128,-0.09055365
2023-04-27,0.00811225,1.47530300,-0.08317600
2023-04-28,-0.00098538,1.47384926,-0.08407942
2023-05-01,-0.01944069,1.44519661,-0.10188555
2023-05-02,-0.00665410,1.43558012,-0.10786170
2023-05-03,-0.00899972,1.42266030,-0.11589069
2023-05-04,0.02068164,1.45208325,-0.09760586
2023-05-05,-0.00044525,1.45143671,-0.09800765
2023-05-08,-0.00290892,1.44721460,-0.10063147
2023-05-09,0.00449197,1.45371545,-0.09659154
2023-05-10,0.00322259,1.45840018,-0.09368022
2023-05-11,-0.00103786,1.45688657,-0.09462085
2023-05-12,0.00452246,1.46347528,-0.09052631
2023-05-15,-0.01330788,1.44399953,-0.10262947
2023-05-16,0.01231862,1.46178762,-0.09157510
2023-05-17,0.00896449,1.47489180,-0.08343154
2023-05-18,-0.00013832,1.47468780,-0.08355832
2023-05-19,0.00256246,1.47846662,-0.08120997
2023-05-22,-0.01174107,1.46110783,-0.09199756
2023-05-23,-0.01404498,1.44058661,-0.10475043
2023-05-24,0.00459648,1.44720824,-0.10063543
2023-05-25,0.01196425,1.46452300,-0.08987521
2023-05-26,0.00100329,1.46599235,-0.08896208
2023-05-30,-0.00950371,1.45205999,-0.09762032
2023-05-31,0.00725315,1.46259200,-0.09107522
2023-06-01,0.02137158,1.49384990,-0.07165007
2023-06-02,-0.00215289,1.49063381,-0.07364870
2023-06-05,0.00206746,1.49371563,-0.07173351
2023-06-06,0.00387657,1.49950612,-0.06813502
2023-06-07,0.00199874,1.50250325,-0.06627246
2023-06-08,-0.00048938,1.50176795,-0.06672941
2023-06-09,0.00925459,1.51566619,-0.05809237
2023-06-12,0.01215654,1.53409146,-0.04664203
2023-06-13,-0.00112807,1.53236089,-0.04771749
2023-06-14,0.01378792,1.55348896,-0.03458749
2023-06-15,-0.00025857,1.55308728,-0.03483712
2023-06-16,-0.01098508,1.53602649,-0.04543951
2023-06-20,-0.00187089,1.53315275,-0.04722539
2023-06-21,-0.00167149,1.53059010,-0.04881795
2023-06-22,-0.01162774,1.51279280,-0.05987804
2023-06-23,0.00513510,1.52056114,-0.05505042
2023-06-26,0.01249594,1.53956199,-0.04324238
2023-06-27,-0.00312388,1.53475258,-0.04623118
2023-06-28,0.00850314,1.54780280,-0.03812115
2023-06-29,0.01106043,1.56492216,-0.02748236
2023-06-30,0.00109811,1.56664062,-0.02641442
2023-07-03,-0.00336452,1.56136962,-0.02969007
2023-07-05,-0.00854378,1.54802963,-0.03798018
2023-07-06,0.00277762,1.55232947,-0.03530806
2023-07-07,0.00733668,1.56371841,-0.02823042
2023-07-10,0.01307975,1.58417146,-0.01551992
2023-07-11,0.00503544,1.59214846,-0.01056263
2023-07-12,0.00854066,1.60574647,-0.00211218
2023-07-13,-0.00704318,1.59443690,-0.00914048
2023-07-14,0.00572735,1.60356881,-0.00346548
2023-07-17,0.00748092,1.61556498,0.00000000
2023-07-18,0.00218209,1.61909028,0.00000000
2023-07-19,-0.00087153,1.61767920,-0.00087153
2023-07-20,0.00324591,1.62293003,0.00000000
2023-07-21,0.00130677,1.62505082,0.00000000
2023-07-24,0.00222389,1.62866475,0.00000000
2023-07-25,0.00479026,1.63646647,0.00000000
2023-07-26,-0.00292406,1.63168134,-0.00292406
2023-07-27,-0.00023205,1.63130272,-0.00315543
2023-07-28,0.00275743,1.63580092,-0.00040670
2023-07-31,0.00183431,1.63880148,0.00000000
2023-08-01,-0.00740931,1.62665910,-0.00740931
2023-08-02,-0.00095715,1.62510214,-0.00835936
2023-08-03,-0.00349140,1.61942827,-0.01182158
2023-08-04,0.00930271,1.63449334,-0.00262884
2023-08-07,-0.00705176,1.62296728,-0.00966206
2023-08-08,-0.00426810,1.61604030,-0.01388892
2023-08-09,0.00687455,1.62714985,-0.00710985
2023-08-10,0.00051829,1.62799318,-0.00659525
2023-08-11,0.00320346,1.63320838,-0.00341292
2023-08-14,-0.01373708,1.61077287,-0.01710311
2023-08-15,-0.00367856,1.60484754,-0.02071876
2023-08-16,-0.00877296,1.59076827,-0.02930996
2023-08-17,0.00170462,1.59347993,-0.02765530
2023-08-18,0.00249121,1.59744963,-0.02523299
2023-08-21,-0.00254228,1.59338846,-0.02771112
2023-08-22,0.01075764,1.61052956,-0.01725159
2023-08-23,-0.00962687,1.59502520,-0.02671238
2023-08-24,0.00840935,1.60843833,-0.01852766
2023-08-25,0.00402393,1.61491057,-0.01457828
2023-08-28,0.01335999,1.63648576,-0.00141306
2023-08-29,0.00554328,1.64555726,0.00000000
2023-08-30,0.00029588,1.64604415,0.00000000
2023-08-31,0.00521382,1.65462633,0.00000000
2023-09-01,-0.00998143,1.63811079,-0.00998143
2023-09-05,-0.00502035,1.62988691,-0.01495167
2023-09-06,-0.00218358,1.62632792,-0.01710260
2023-09-07,-0.00085019,1.62494523,-0.01793825
2023-09-08,0.00281822,1.62952468,-0.01517059
2023-09-11,-0.00390982,1.62315353,-0.01902110
2023-09-12,-0.00303846,1.61822165,-0.02200176
2023-09-13,0.01216005,1.63789931,-0.01010925
2023-09-14,-0.01025262,1.62110655,-0.02025822
2023-09-15,0.00378152,1.62723681,-0.01655330
2023-09-18,-0.00333687,1.62180693,-0.01983494
2023-09-19,-0.00466345,1.61424371,-0.02440589
2023-09-20,-0.01817595,1.58490330,-0.04213824
2023-09-21,-0.00188770,1.58191147,-0.04394640
2023-09-22,0.00591660,1.59127100,-0.03828981
2023-09-25,-0.01378622,1.56933339,-0.05154816
2023-09-26,0.00162951,1.57189063,-0.05000265
2023-09-27,0.00265656,1.57606645,-0.04747893
2023-09-28,-0.00366232,1.57029439,-0.05096737
2023-09-29,-0.00773388,1.55814991,-0.05830707
2023-10-02,-0.01482284,1.53505371,-0.07226563
2023-10-03,0.01006262,1.55050037,-0.06293020
2023-10-04,-0.00258163,1.54649756,-0.06534936
2023-10-05,0.00996438,1.56190745,-0.05603615
2023-10-06,0.00754496,1.57369197,-0.04891398
2023-10-09,0.00428144,1.58042963,-0.04484197
2023-10-10,0.00793957,1.59297756,-0.03725843
2023-10-11,-0.00786517,1.58044853,-0.04483055
2023-10-12,0.00086898,1.58182191,-0.04400052
2023-10-13,0.01403579,1.60402403,-0.03058232
2023-10-16,0.00541282,1.61270632,-0.02533503
2023-10-17,-0.01412441,1.58992780,-0.03910160
2023-10-18,-0.01326902,1.56883101,-0.05185178
2023-10-19,-0.01480362,1.54560663,-0.06588781
2023-10-20,-0.00462480,1.53845850,-0.07020790
2023-10-23,0.00914915,1.55253408,-0.06170109
2023-10-24,-0.01470137,1.52970970,-0.07549537
2023-10-25,-0.00247373,1.52592561,-0.07778235
2023-10-26,-0.01006747,1.51056340,-0.08706675
2023-10-27,0.00922431,1.52449730,-0.07864557
2023-10-30,0.00846726,1.53740561,-0.07084423
2023-10-31,0.01465948,1.55994317,-0.05722329
2023-11-01,0.01698027,1.58643143,-0.04121469
2023-11-02,0.01510144,1.61038883,-0.02673565
2023-11-03,-0.00552349,1.60149385,-0.03211147
2023-11-06,-0.00078173,1.60024192,-0.03286810
2023-11-07,-0.00055432,1.59935488,-0.03340419
2023-11-08,-0.00547109,1.59060466,-0.03869253
2023-11-09,0.01711483,1.61782759,-0.02223991
2023-11-10,-0.00472700,1.61018011,-0.02686179
2023-11-13,0.02510456,1.65060298,-0.00243158
2023-11-14,-0.00306073,1.64555093,-0.00548487
2023-11-15,0.00023161,1.64593206,-0.00525453
2023-11-16,0.00326038,1.65129842,-0.00201128
2023-11-17,0.00622862,1.66158373,0.00000000
2023-11-20,-0.00237299,1.65764081,-0.00237299
2023-11-21,0.00466665,1.66537645,0.00000000
2023-11-22,0.00366741,1.67148407,0.00000000
2023-11-24,-0.00266097,1.66703631,-0.00266097
2023-11-27,-0.00377192,1.66074839,-0.00642285
2023-11-28,0.00203137,1.66412198,-0.00440452
2023-11-29,0.00612138,1.67430870,0.00000000
2023-11-30,0.00997644,1.69101235,0.00000000
2023-12-01,-0.00561863,1.68151117,-0.00561863
2023-12-04,-0.00586525,1.67164869,-0.01145093
2023-12-05,-0.00414770,1.66471520,-0.01555113
2023-12-06,0.00458416,1.67234653,-0.01103825
2023-12-07,0.00487095,1.68049244,-0.00622107
2023-12-08,0.00856727,1.69488967,0.00000000
2023-12-11,0.00630789,1.70558084,0.00000000
2023-12-12,0.01388011,1.72925448,0.00000000
2023-12-13,0.00155884,1.73195012,0.00000000
2023-12-14,-0.00376709,1.72542570,-0.00376709
2023-12-15,0.00262050,1.72994718,-0.00115646
2023-12-18,0.00869272,1.74498513,0.00000000
2023-12-19,-0.01818502,1.71325254,-0.01818502
2023-12-20,0.00928078,1.72915286,-0.00907301
2023-12-21,0.00319018,1.73466917,-0.00591177
2023-12-22,0.00422602,1.74199992,-0.00171074
2023-12-26,0.00119939,1.74408925,-0.00051340
2023-12-27,0.00147360,1.74665934,0.00000000
2023-12-28,-0.00308008,1.74127949,-0.00308008
2023-12-29,-0.00443712,1.73355322,-0.00750354
2024-01-02,-0.00828169,1.71919647,-0.01572308
2024-01-03,-0.00240603,1.71506003,-0.01809128
2024-01-04,0.00099896,1.71677331,-0.01711039
2024-01-05,0.01158562,1.73666320,-0.00572301
2024-01-08,-0.00564621,1.72685763,-0.01133690
2024-01-09,0.00284116,1.73176391,-0.00852795
2024-01-10,-0.00122779,1.72963766,-0.00974527
2024-01-11,0.00162292,1.73244473,-0.00813817
2024-01-12,-0.00589902,1.72222500,-0.01398918
2024-01-16,-0.00479564,1.71396582,-0.01871774
2024-01-17,0.00851235,1.72855569,-0.01036473
2024-01-18,0.00977913,1.74545946,-0.00068696
2024-01-19,-0.00013981,1.74521543,-0.00082667
2024-01-22,-0.00013678,1.74497672,-0.00096334
2024-01-23,-0.00232655,1.74091694,-0.00328764
2024-01-24,0.00876634,1.75617841,0.00000000
2024-01-25,0.00071804,1.75743942,0.00000000
2024-01-26,0.00690694,1.76957794,0.00000000
2024-01-29,-0.00326868,1.76379375,-0.00326868
2024-01-30,-0.01220777,1.74226177,-0.01543655
2024-01-31,0.00763083,1.75555668,-0.00792351
2024-02-01,0.00456585,1.76357229,-0.00339383
2024-02-02,-0.00996560,1.74599723,-0.01332561
2024-02-05,0.00280994,1.75090338,-0.01055311
2024-02-06,0.00665295,1.76255205,-0.00397038
2024-02-07,0.00333741,1.76843441,-0.00064621
2024-02-08,0.00658218,1.78007456,0.00000000
2024-02-09,0.00122779,1.78226012,0.00000000
2024-02-12,-0.01554542,1.75455413,-0.01554542
2024-02-13,0.00882905,1.77004517,-0.00685363
2024-02-14,0.01870841,1.80315991,0.00000000
2024-02-15,-0.00502291,1.79410280,-0.00502291
2024-02-16,-0.00773691,1.78022199,-0.01272095
2024-02-20,-0.00039118,1.77952561,-0.01310716
2024-02-21,0.01062927,1.79844067,-0.00261721
2024-02-22,0.00225888,1.80250313,-0.00036424
2024-02-23,-0.00234918,1.79826873,-0.00271256
2024-02-26,0.00145122,1.80087842,-0.00126527
2024-02-27,0.00097625,1.80263652,-0.00029026
2024-02-28,0.00450279,1.81075343,0.00000000
2024-02-29,0.00771082,1.82471581,0.00000000
2024-03-01,0.00277514,1.82977965,0.00000000
2024-03-04,-0.00819735,1.81478030,-0.00819735
2024-03-05,0.00687859,1.82726343,-0.00137515
2024-03-06,0.00621662,1.83862283,0.00000000
2024-03-07,-0.00457262,1.83021551,-0.00457262
2024-03-08,0.00198547,1.83384934,-0.00259623
2024-03-11,0.00658678,1.84592851,0.00000000
2024-03-12,0.00112554,1.84800617,0.00000000
2024-03-13,-0.00618621,1.83657401,-0.00618621
2024-03-14,-0.00592092,1.82569981,-0.01207050
2024-03-15,0.00477809,1.83442317,-0.00735009
2024-03-18,0.00648251,1.84631483,-0.00091523
2024-03-19,0.00934587,1.86357024,0.00000000
2024-03-20,0.00135255,1.86609081,0.00000000
2024-03-21,-0.00459277,1.85752028,-0.00459277
2024-03-22,0.00347419,1.86397365,-0.00113454
2024-03-25,-0.00265812,1.85901898,-0.00378965
2024-03-26,0.01206224,1.88144291,0.00000000
2024-03-27,0.00415054,1.88925191,0.00000000
2024-03-28,-0.00451046,1.88073052,-0.00451046
2024-04-01,-0.00711742,1.86734457,-0.01159578
2024-04-02,0.00170048,1.87051996,-0.00991501
2024-04-03,-0.01169539,1.84864351,-0.02149444
2024-04-04,0.01099075,1.86896149,-0.01073992
2024-04-05,0.00152581,1.87181318,-0.00923050
2024-04-08,-0.00101011,1.86992244,-0.01023129
2024-04-09,-0.01221519,1.84708097,-0.02232150
2024-04-10,-0.00112315,1.84500643,-0.02341958
2024-04-11,-0.01567909,1.81607840,-0.03873147
2024-04-12,-0.01203024,1.79423054,-0.05029576
2024-04-15,-0.00351415,1.78792535,-0.05363317
2024-04-16,-0.00553120,1.77803598,-0.05886771
2024-04-17,0.00142578,1.78057106,-0.05752586
2024-04-18,0.00400852,1.78770851,-0.05374794
2024-04-19,0.00796983,1.80195624,-0.04620647
2024-04-22,0.00830472,1.81692099,-0.03828548
2024-04-23,0.00049773,1.81782532,-0.03780681
2024-04-24,-0.00361160,1.81126007,-0.04128187
2024-04-25,-0.00080339,1.80980493,-0.04205209
2024-04-26,0.00636927,1.82133207,-0.03595065
2024-04-29,-0.01420900,1.79545276,-0.04964883
2024-04-30,0.00266889,1.80024462,-0.04711245
2024-05-01,0.00742904,1.81361871,-0.04003341
2024-05-02,0.01112765,1.83380002,-0.02935124
2024-05-03,0.01122298,1.85438073,-0.01845767
2024-05-06,0.00293360,1.85982073,-0.01557822
2024-05-07,0.00132591,1.86228668,-0.01427297
2024-05-08,0.01145911,1.88362682,-0.00297742
2024-05-09,0.00077180,1.88508060,-0.00220792
2024-05-10,-0.00416729,1.87722492,-0.00636601
2024-05-13,0.00278834,1.88245926,-0.00359542
2024-05-14,0.01015810,1.90158148,0.00000000
2024-05-15,-0.00081398,1.90003363,-0.00081398
2024-05-16,0.00176995,1.90339659,0.00000000
2024-05-17,-0.00068888,1.90208537,-0.00068888
2024-05-20,0.00007608,1.90223008,-0.00061286
2024-05-21,-0.00386959,1.89486923,-0.00448008
2024-05-22,-0.01408330,1.86818321,-0.01850028
2024-05-23,0.00581436,1.87904550,-0.01279349
2024-05-24,-0.00508856,1.86948387,-0.01781695
2024-05-28,-0.00909743,1.85247638,-0.02675229
2024-05-29,0.00160333,1.85544651,-0.02519185
2024-05-30,0.01001335,1.87402574,-0.01543075
2024-05-31,-0.00500499,1.86464627,-0.02035851
2024-06-03,-0.00297324,1.85910223,-0.02327122
2024-06-04,0.00677839,1.87170395,-0.01665057
2024-06-05,-0.00273822,1.86657880,-0.01934320
2024-06-06,-0.00061881,1.86542374,-0.01995005
2024-06-07,0.00453882,1.87389057,-0.01550177
2024-06-10,-0.00335136,1.86761049,-0.01880118
2024-06-11,0.00532794,1.87756100,-0.01357341
2024-06-12,-0.00090323,1.87586512,-0.01446439
2024-06-13,-0.00299083,1.87025474,-0.01741195
2024-06-14,0.00737067,1.88403976,-0.01016962
2024-06-17,0.00427375,1.89209167,-0.00593934
2024-06-18,0.00270217,1.89720443,-0.00325322
2024-06-20,-0.00120855,1.89491156,-0.00445784
2024-06-21,0.00416214,1.90279844,-0.00031426
2024-06-24,-0.00504317,1.89320230,-0.00535584
2024-06-25,-0.00638832,1.88110793,-0.01170994
2024-06-26,0.00644973,1.89324056,-0.00533574
2024-06-27,-0.00312873,1.88731713,-0.00844777
2024-06-28,-0.00183793,1.88384837,-0.01027018
2024-07-01,0.00515012,1.89355042,-0.00517295
2024-07-02,0.00230825,1.89792121,-0.00287663
2024-07-03,-0.00192745,1.89426306,-0.00479854
2024-07-05,0.00157871,1.89725355,-0.00322741
2024-07-08,-0.00086318,1.89561588,-0.00408780
2024-07-09,0.00981756,1.91422620,0.00000000
2024-07-10,0.00834649,1.93020328,0.00000000
2024-07-11,0.00866635,1.94693110,0.00000000
2024-07-12,0.00285275,1.95248521,0.00000000
2024-07-15,0.01018535,1.97237195,0.00000000
2024-07-16,-0.00883814,1.95493986,-0.00883814
2024-07-17,-0.00357605,1.94794889,-0.01238258
2024-07-18,-0.00962937,1.92919137,-0.02189272
2024-07-19,0.01002835,1.94853797,-0.01208392
2024-07-22,-0.00389364,1.94095107,-0.01593051
2024-07-23,-0.01290004,1.91591272,-0.02862504
2024-07-24,-0.00267002,1.91079720,-0.03121863
2024-07-25,0.01529127,1.94001571,-0.01640474
2024-07-26,-0.00105183,1.93797515,-0.01743931
2024-07-29,0.00553054,1.94869320,-0.01200522
2024-07-30,0.00909504,1.96641664,-0.00301937
2024-07-31,-0.00676883,1.95310630,-0.00976776
2024-08-01,-0.02622818,1.90187989,-0.03573974
2024-08-02,-0.02622278,1.85200731,-0.06102533
2024-08-05,0.00911217,1.86888312,-0.05246923
2024-08-06,-0.00607526,1.85752917,-0.05822573
2024-08-07,0.02098842,1.89651577,-0.03845937
2024-08-08,0.00479686,1.90561310,-0.03384699
2024-08-09,-0.00233433,1.90116478,-0.03610231
2024-08-12,0.01210186,1.92417241,-0.02443735
2024-08-13,0.00909197,1.94166692,-0.01556757
2024-08-14,0.01340534,1.96769561,-0.00237092
2024-08-15,0.00216888,1.97196332,-0.00020718
2024-08-16,0.00688173,1.98553383,0.00000000
2024-08-19,-0.00315329,1.97927286,-0.00315329
2024-08-20,0.00547824,1.99011579,0.00000000
2024-08-21,-0.00329612,1.98355612,-0.00329612
2024-08-22,0.01188965,2.00713991,0.00000000
2024-08-23,-0.00056527,2.00600533,-0.00056527
2024-08-26,0.00138376,2.00878115,0.00000000
2024-08-27,-0.00252021,2.00371860,-0.00252021
2024-08-28,0.00793117,2.01961044,0.00000000
2024-08-29,0.00714308,2.03403668,0.00000000
2024-08-30,-0.01751680,1.99840687,-0.01751680
2024-09-03,-0.00075258,1.99690291,-0.01825619
2024-09-04,-0.00594852,1.98502429,-0.02409612
2024-09-05,-0.01593849,1.95338599,-0.03965056
2024-09-06,0.01066578,1.97422037,-0.02940768
2024-09-09,0.00148213,1.97714642,-0.02796914
2024-09-10,0.01011435,1.99714397,-0.01813768
2024-09-11,0.00936925,2.01585572,-0.00893836
2024-09-12,0.00863756,2.03326779,-0.00037801
2024-09-13,0.00764066,2.04880329,0.00000000
2024-09-16,0.00399031,2.05697866,0.00000000
2024-09-17,-0.00545068,2.04576673,-0.00545068
2024-09-18,0.01195427,2.07022238,0.00000000
2024-09-19,-0.00144485,2.06723123,-0.00144485
2024-09-20,0.00704059,2.08178575,0.00000000
2024-09-23,0.00020687,2.08221641,0.00000000
2024-09-24,-0.00560964,2.07053593,-0.00560964
2024-09-25,0.00638587,2.08375811,0.00000000
2024-09-26,0.00367504,2.09141600,0.00000000
2024-09-27,0.00183631,2.09525649,0.00000000
2024-09-30,-0.00216031,2.09073009,-0.00216031
2024-10-01,0.00147405,2.09381194,-0.00068944
2024-10-02,-0.00428507,2.08483981,-0.00497155
2024-10-03,0.00963882,2.10493521,0.00000000
2024-10-04,-0.01326247,2.07701857,-0.01326247
2024-10-07,0.00538768,2.08820889,-0.00794624
2024-10-08,0.00702946,2.10288787,-0.00097264
2024-10-09,-0.00214555,2.09837602,-0.00311610
2024-10-10,0.00580738,2.11056209,0.00000000
2024-10-11,0.00637496,2.12401685,0.00000000
2024-10-14,-0.00643376,2.11035144,-0.00643376
2024-10-15,0.00275585,2.11616726,-0.00369563
2024-10-16,0.00103684,2.11836138,-0.00266263
2024-10-17,0.00197075,2.12253613,-0.00069713
2024-10-18,-0.00404953,2.11394087,-0.00474383
2024-10-21,-0.00505787,2.10324884,-0.00977771
2024-10-22,-0.00388243,2.09508313,-0.01362217
2024-10-23,-0.00226859,2.09033025,-0.01585986
2024-10-24,-0.00262387,2.08484550,-0.01844211
2024-10-25,0.00216691,2.08936317,-0.01631517
2024-10-28,-0.00285708,2.08339369,-0.01912563
2024-10-29,-0.00255850,2.07806333,-0.02163520
2024-10-30,-0.01298141,2.05108714,-0.03433575
2024-10-31,-0.00685572,2.03702546,-0.04095607
2024-11-01,-0.00042914,2.03615129,-0.04136764
2024-11-04,0.01155144,2.05967176,-0.03029406
2024-11-05,0.02229645,2.10559513,-0.00867306
2024-11-06,0.00827026,2.12300895,-0.00047453
2024-11-07,0.00662286,2.13706935,0.00000000
2024-11-08,0.00295401,2.14338229,0.00000000
2024-11-11,-0.00669230,2.12903814,-0.00669230
2024-11-12,0.00184485,2.13296588,-0.00485980
2024-11-13,-0.00279746,2.12699899,-0.00764367
2024-11-14,-0.00724119,2.11159698,-0.01482951
2024-11-15,0.00215739,2.11615251,-0.01270411
2024-11-18,0.00001198,2.11617786,-0.01269229
2024-11-19,0.00183282,2.12005644,-0.01088273
2024-11-20,0.01338075,2.14842438,0.00000000
2024-11-21,0.00700294,2.16346967,0.00000000
2024-11-22,0.00696780,2.17854428,0.00000000
2024-11-25,-0.00032528,2.17783566,-0.00032528
2024-11-26,-0.00095658,2.17575238,-0.00128155
2024-11-27,0.00313258,2.18256810,0.00000000
2024-11-29,-0.00255017,2.17700218,-0.00255017
2024-12-02,-0.00116359,2.17446903,-0.00371080
2024-12-03,0.00264126,2.18021238,-0.00107934
2024-12-04,-0.00383736,2.17184612,-0.00491256
2024-12-05,0.00220537,2.17663584,-0.00271802
2024-12-06,-0.00751597,2.16027630,-0.01021357
2024-12-09,-0.00870448,2.14147221,-0.01882914
2024-12-10,0.00444631,2.15099385,-0.01446656
2024-12-11,-0.00800625,2.13377246,-0.02235698
2024-12-12,0.00060562,2.13506473,-0.02176490
2024-12-13,-0.00170869,2.13141656,-0.02343640
2024-12-16,-0.00931875,2.11155443,-0.03253675
2024-12-17,-0.03141911,2.04521126,-0.06293359
2024-12-18,0.00272370,2.05078180,-0.06038130
2024-12-19,0.01656418,2.08475131,-0.04481729
2024-12-20,0.00301146,2.09102946,-0.04194080
2024-12-23,0.00826603,2.10831397,-0.03402145
2024-12-24,0.00076900,2.10993526,-0.03327861
2024-12-26,-0.00809785,2.09284932,-0.04110698
2024-12-27,-0.00866450,2.07471582,-0.04941531
2024-12-30,0.00093801,2.07666193,-0.04852365
2024-12-31,-0.00399439,2.06836694,-0.05232422
2025-01-02,0.00727468,2.08341364,-0.04543018
2025-01-03,-0.00214378,2.07894727,-0.04747657
2025-01-06,-0.00549254,2.06752856,-0.05270834
2025-01-07,0.00321725,2.07418031,-0.04966067
2025-01-08,-0.02077821,2.03108257,-0.06940701
2025-01-10,0.00715043,2.04560567,-0.06275288
2025-01-13,0.01171885,2.06957781,-0.05176942
2025-01-14,0.01161602,2.09361807,-0.04075476
2025-01-15,0.01013280,2.11483229,-0.03103491
2025-01-16,0.00454097,2.12443568,-0.02663487
2025-01-17,0.00536759,2.13583879,-0.02141025
2025-01-21,-0.00261144,2.13026117,-0.02396577
2025-01-22,0.00447211,2.13978792,-0.01960085
2025-01-23,-0.00111208,2.13740830,-0.02069113
2025-01-24,0.00169892,2.14103959,-0.01902736
2025-01-27,-0.00201857,2.13671775,-0.02100752
2025-01-28,-0.00091390,2.13476501,-0.02190223
2025-01-29,0.00580115,2.14714909,-0.01622813
2025-01-30,-0.00582226,2.13464783,-0.02195591
2025-01-31,-0.00768160,2.11825031,-0.02946886
2025-02-03,0.00074688,2.11983239,-0.02874399
2025-02-04,0.00634922,2.13329168,-0.02257727
2025-02-05,-0.00168429,2.12969859,-0.02422353
2025-02-06,-0.00823973,2.11215045,-0.03226367
2025-02-07,0.00586631,2.12454097,-0.02658663
2025-02-10,-0.00126918,2.12184455,-0.02782206
2025-02-11,-0.00546964,2.11023883,-0.03313953
2025-02-12,0.01436549,2.14055344,-0.01925010
2025-02-13,-0.00132631,2.13771440,-0.02055088
2025-02-14,0.00239984,2.14284458,-0.01820036
2025-02-18,0.00256622,2.14834358,-0.01568085
2025-02-19,-0.00449756,2.13868128,-0.02010788
2025-02-20,-0.01685600,2.10263167,-0.03662494
2025-02-21,0.00170531,2.10621732,-0.03498209
2025-02-24,0.00137234,2.10910778,-0.03365775
2025-02-25,-0.00544229,2.09762940,-0.03891686
2025-02-26,-0.00946037,2.07778505,-0.04800907
2025-02-27,0.01469128,2.10831037,-0.03402310
2025-02-28,-0.01029840,2.08659814,-0.04397112
2025-03-03,-0.01754018,2.04999883,-0.06074004
2025-03-04,0.00716084,2.06467854,-0.05401415
2025-03-05,-0.01523490,2.03322336,-0.06842615
2025-03-06,0.01275644,2.05916005,-0.05654259
2025-03-07,-0.01705708,2.02403679,-0.07263522
2025-03-10,-0.00726599,2.00933016,-0.07937344
2025-03-11,-0.00186140,2.00559000,-0.08108709
2025-03-12,-0.01118721,1.98315304,-0.09136717
2025-03-13,0.02164237,2.02607318,-0.07170220
2025-03-14,0.01398757,2.05441301,-0.05871757
2025-03-17,-0.00932877,2.03524788,-0.06749857
2025-03-18,0.00932599,2.05422858,-0.05880207
2025-03-19,-0.00316302,2.04773102,-0.06177910
2025-03-20,-0.00308290,2.04141806,-0.06467154
2025-03-21,0.01470906,2.07144539,-0.05091374
2025-03-24,0.00018429,2.07182713,-0.05073884
2025-03-25,-0.00376290,2.06403105,-0.05431081
2025-03-26,-0.00689512,2.04979931,-0.06083145
2025-03-27,-0.01396793,2.02116785,-0.07394970
2025-03-28,0.00624671,2.03379350,-0.06816493
2025-03-31,0.00437224,2.04268574,-0.06409072
2025-04-01,0.00730474,2.05760703,-0.05725415
2025-04-02,-0.04541772,1.96415521,-0.10007151
2025-04-03,-0.06867477,1.82926729,-0.16187390
2025-04-04,-0.00769633,1.81518865,-0.16832439
2025-04-07,-0.01784672,1.78279349,-0.18316707
2025-04-08,0.08672430,1.93740500,-0.11232781
2025-04-09,-0.03163491,1.87611538,-0.14040924
2025-04-10,0.01653313,1.90713344,-0.12619751
2025-04-11,0.01052694,1.92720972,-0.11699904
2025-04-14,-0.00304475,1.92134184,-0.11968756
2025-04-15,-0.01442642,1.89362376,-0.13238732
2025-04-16,0.00660356,1.90612841,-0.12665799
2025-04-17,-0.02393399,1.86050716,-0.14756055
2025-04-21,0.02729487,1.91128945,-0.12429333
2025-04-22,0.00937664,1.92921093,-0.11608214
2025-04-23,0.02115475,1.97002290,-0.09738308
2025-04-24,-0.00519983,1.95977911,-0.10207654
2025-04-25,0.00599468,1.97152736,-0.09669377
2025-04-28,0.00867670,1.98863371,-0.08885605
2025-04-29,-0.00295357,1.98276015,-0.09154718
2025-04-30,0.00040783,1.98356878,-0.09117668
2025-05-01,0.01721323,2.01771242,-0.07553290
2025-05-02,-0.00553648,2.00654140,-0.08065119
2025-05-05,-0.00387530,1.99876546,-0.08421393
2025-05-06,0.00145857,2.00168079,-0.08287820
2025-05-07,0.01275963,2.02722150,-0.07117606
2025-05-08,0.00064342,2.02852585,-0.07057844
2025-05-09,0.03072349,2.09084924,-0.04202337
2025-05-12,0.00732247,2.10615943,-0.03500861
2025-05-13,-0.00762429,2.09010146,-0.04236598
2025-05-14,0.00780242,2.10640930,-0.03489412
2025-05-15,0.00608695,2.11923092,-0.02901957
2025-05-16,-0.00053904,2.11808857,-0.02954297
2025-05-19,-0.00758795,2.10201662,-0.03690674
2025-05-20,-0.02303620,2.05359415,-0.05909275
2025-05-21,-0.00579427,2.04169507,-0.06454462
2025-05-22,-0.00170577,2.03821241,-0.06614029
2025-05-23,0.02160831,2.08225474,-0.04596116
2025-05-27,-0.00931137,2.06286608,-0.05484458
2025-05-28,0.00540935,2.07402485,-0.04973190
2025-05-29,0.00235499,2.07890915,-0.04749403
2025-05-30,0.00170639,2.08245659,-0.04586868
2025-06-02,0.00757283,2.09822668,-0.03864321
2025-06-03,-0.00308526,2.09175310,-0.04160924
2025-06-04,-0.00049500,2.09071769,-0.04208364
2025-06-05,0.01066176,2.11300842,-0.03187057
2025-06-06,-0.00786390,2.09639193,-0.03948384
2025-06-09,0.00431724,2.10544257,-0.03533706
2025-06-10,-0.00170880,2.10184480,-0.03698547
2025-06-11,0.00678338,2.11610240,-0.03045298
2025-06-12,-0.01411599,2.08623153,-0.04413909
2025-06-13,0.00946661,2.10598107,-0.03509033
2025-06-16,-0.01368590,2.07715882,-0.04829599
2025-06-17,-0.00269018,2.07157089,-0.05085624
2025-06-18,-0.00329848,2.06473786,-0.05398697
2025-06-20,0.00705154,2.07929744,-0.04731612
2025-06-23,0.01112155,2.10242245,-0.03672080
2025-06-24,-0.00865618,2.08422350,-0.04505912
2025-06-25,0.00837029,2.10166905,-0.03706599
2025-06-26,0.00135203,2.10451057,-0.03576408
2025-06-27,0.00680024,2.11882176,-0.02920704
2025-06-30,0.00923548,2.13839010,-0.02024129
2025-07-01,-0.00004135,2.13830168,-0.02028181
2025-07-02,0.00731415,2.15394153,-0.01311600
2025-07-03,-0.00765954,2.13744334,-0.02067508
2025-07-07,0.00377170,2.14550513,-0.01698136
2025-07-08,0.00869015,2.16414990,-0.00843878
2025-07-09,-0.00044822,2.16317988,-0.00888321
2025-07-10,-0.00914746,2.14339229,-0.01794941
2025-07-11,0.00473068,2.15353200,-0.01330364
2025-07-14,-0.01417626,2.12300297,-0.02729130
2025-07-15,0.00552523,2.13473304,-0.02191687
2025-07-16,0.00949694,2.15500647,-0.01262808
2025-07-17,0.00016755,2.15536754,-0.01246264
2025-07-18,-0.00331647,2.14821933,-0.01573778
2025-07-21,0.00953748,2.16870792,-0.00635040
2025-07-22,0.00490654,2.17934877,-0.00147502
2025-07-23,-0.00048515,2.17829145,-0.00195946
2025-07-24,0.00404116,2.18709427,0.00000000
2025-07-25,-0.00688029,2.17204642,-0.00688029
2025-07-28,-0.00361544,2.16419352,-0.01047086
2025-07-29,-0.00712024,2.14878394,-0.01751654
2025-07-30,-0.00755399,2.13255205,-0.02493821
2025-07-31,-0.01358191,2.10358793,-0.03818141
2025-08-01,0.01132288,2.12740660,-0.02729085
2025-08-04,-0.00330602,2.12037335,-0.03050665
2025-08-05,0.01040160,2.14242862,-0.02042237
2025-08-06,0.00398242,2.15096068,-0.01652127
2025-08-07,0.00766894,2.16745628,-0.00897903
2025-08-08,-0.00300827,2.16093599,-0.01196029
2025-08-11,0.00836965,2.17902227,-0.00369074
2025-08-12,0.01203583,2.20524861,0.00000000
2025-08-13,-0.00517218,2.19384265,-0.00517218
2025-08-14,-0.00369637,2.18573340,-0.00884944
2025-08-15,-0.00050276,2.18463450,-0.00934775
2025-08-18,0.00362346,2.19255044,-0.00575816
2025-08-19,-0.00009108,2.19235073,-0.00584872
2025-08-20,-0.00256371,2.18673018,-0.00839743
2025-08-21,0.01759281,2.22520091,0.00000000
2025-08-22,-0.00686246,2.20993056,-0.00686246
2025-08-25,-0.00023213,2.20941757,-0.00709300
2025-08-26,0.00217799,2.21422966,-0.00493046
2025-08-27,0.00285585,2.22055316,-0.00208869
2025-08-28,0.00078890,2.22230495,-0.00130144
2025-08-29,-0.00674256,2.20732092,-0.00803523
2025-09-02,-0.00268827,2.20138704,-0.01070190
2025-09-03,0.00749271,2.21788139,-0.00328938
2025-09-04,-0.00320141,2.21078105,-0.00648025
2025-09-05,0.00151281,2.21412555,-0.00497724
2025-09-08,-0.00400919,2.20524870,-0.00896648
2025-09-09,-0.00031776,2.20454797,-0.00928138
2025-09-10,0.01430599,2.23608621,0.00000000
2025-09-11,-0.00687179,2.22072029,-0.00687179
2025-09-12,-0.00320358,2.21360604,-0.01005336
2025-09-15,0.00035233,2.21438596,-0.00970457
2025-09-16,0.00233814,2.21956350,-0.00738912
2025-09-17,0.00896415,2.23946001,0.00000000
2025-09-18,0.00335821,2.24698058,0.00000000
2025-09-19,0.00093123,2.24907303,0.00000000
2025-09-22,-0.00017665,2.24867573,-0.00017665
2025-09-23,-0.00256397,2.24291019,-0.00274017
2025-09-24,-0.00722107,2.22671398,-0.00994145
2025-09-25,0.01095141,2.25109964,0.00000000
2025-09-26,0.00196759,2.25552888,0.00000000
2025-09-29,0.00165632,2.25926476,0.00000000
2025-09-30,0.00725093,2.27564655,0.00000000
2025-10-01,-0.00370466,2.26721604,-0.00370466
2025-10-02,0.00433588,2.27704643,0.00000000
2025-10-03,0.00011650,2.27731171,0.00000000
2025-10-06,0.00114935,2.27992914,0.00000000
2025-10-07,0.00218276,2.28490567,0.00000000
2025-10-08,-0.00915455,2.26398839,-0.00915455
2025-10-09,-0.02251900,2.21300563,-0.03146740
2025-10-10,0.00902446,2.23297681,-0.02272692
2025-10-13,0.00723515,2.24913273,-0.01565620
2025-10-14,-0.00103855,2.24679689,-0.01667850
2025-10-15,-0.01265673,2.21835979,-0.02912413
2025-10-16,0.00399354,2.22721889,-0.02524690
2025-10-17,0.00724892,2.24336381,-0.01818100
2025-10-20,0.00421578,2.25282134,-0.01404186
2025-10-21,-0.00155814,2.24931114,-0.01557812
2025-10-22,0.00706593,2.26520460,-0.00862227
2025-10-23,0.00127350,2.26808933,-0.00735975
2025-10-24,0.00355497,2.27615232,-0.00383095
2025-10-27,-0.00891152,2.25586834,-0.01270833
2025-10-28,-0.00995961,2.23340078,-0.02254136
2025-10-29,-0.00123754,2.23063685,-0.02375101
2025-10-30,0.00377383,2.23905490,-0.02006681
2025-10-31,-0.00315499,2.23199069,-0.02315850
2025-11-03,-0.00024282,2.23144872,-0.02339569
2025-11-04,0.00602124,2.24488480,-0.01751533
2025-11-05,-0.00207546,2.24022563,-0.01955444
2025-11-06,0.00981393,2.26221105,-0.00993241
2025-11-07,0.00551258,2.27468168,-0.00447458
2025-11-10,0.00607371,2.28849743,0.00000000
2025-11-11,0.00146746,2.29185571,0.00000000
2025-11-12,-0.00832565,2.27277452,-0.00832565
2025-11-13,-0.00259288,2.26688149,-0.01089694
2025-11-14,-0.01438211,2.23427894,-0.02512234
2025-11-17,-0.00227789,2.22918950,-0.02734300
2025-11-18,-0.00203453,2.22465413,-0.02932191
2025-11-19,-0.01007852,2.20223291,-0.03910491
2025-11-20,0.01737871,2.24050487,-0.02240579
2025-11-21,0.00419236,2.24989786,-0.01830737
2025-11-24,0.01120195,2.27510111,-0.00731050
2025-11-25,0.00671656,2.29038195,-0.00064304
2025-11-26,0.00508347,2.30202504,0.00000000
2025-11-28,-0.00335444,2.29430303,-0.00335444
2025-12-01,0.00155095,2.29786139,-0.00180869
2025-12-02,0.00872181,2.31790291,0.00000000
2025-12-03,0.00020320,2.31837390,0.00000000
2025-12-04,0.00096910,2.32062064,0.00000000
2025-12-05,-0.00988435,2.29768282,-0.00988435
2025-12-08,0.00230490,2.30297875,-0.00760223
2025-12-09,0.00948947,2.32483280,0.00000000
2025-12-10,0.01056331,2.34939073,0.00000000
2025-12-11,-0.00676395,2.33349956,-0.00676395
2025-12-12,0.00270356,2.33980831,-0.00407868
2025-12-15,-0.00873174,2.31937772,-0.01277481
2025-12-16,-0.00108532,2.31686044,-0.01384627
2025-12-17,0.00131635,2.31991024,-0.01254814
2025-12-18,0.00219052,2.32499205,-0.01038511
2025-12-19,0.00737458,2.34213788,-0.00308712
2025-12-22,0.00024247,2.34270577,-0.00284540
2025-12-23,0.00192536,2.34721633,-0.00092551
2025-12-24,-0.00041278,2.34624745,-0.00133791
2025-12-26,-0.00008724,2.34604276,-0.00142504
2025-12-29,-0.00013149,2.34573428,-0.00155634
2025-12-30,-0.00877812,2.32514315,-0.01032080
2025-12-31,0.00000000,2.32514315,-0.01032080
